Generator,Run_ID,Perf_Throughput,Perf_Total_Triples,Perf_Execution_Time,RDF_Triples,RDF_Subjects,RDF_Predicates,RDF_Objects,RDF_Classes,RDF_Mean_Outdegree,RDF_Mean_Indegree,RDF_Coherence,RDF_Type_Coverage_Avg
BSBM_HIGH_COHERENCE,run_1,90975.73404513467,374911.0,4.121,374911.0,36433.0,40.0,86200.0,158.0,10.290423517141054,4.34931554524362,0.9526291750589004,0.8406524066507737
BSBM_LOW_COHERENCE,run_1,87087.34030197446,374911.0,4.305,374911.0,36433.0,40.0,86200.0,158.0,10.290423517141054,4.34931554524362,0.9526291750589004,0.8406524066507737
LUBM_HIGH_COHERENCE,run_1,,,,,,,,,,,,
