Generator,Triples,Subjects,Predicates,Objects,Classes,Mean Outdegree,Mean Indegree,Coherence,Type Coverage (Avg)
RUDOFGENERATE,1466636,299999,11,239909,3,4.888802962676542,6.113301293407083,0.7825389656060757,0.7825387380952381
BSBM,3564773,326255,40,707492,337,10.92633982620956,5.038605383523771,0.947594191700085,0.8213023725631385
PYGRAFT,9500,2212,27,1806,40,4.294755877034358,5.260243632336656,0.5112969502407704,0.6067753935219464
RDFGRAPHGEN,4306,1553,20,2132,4,2.77269800386349,2.019699812382739,0.3618649004998007,0.6559467552481525
LUBM,1272953,207615,18,155837,15,6.131315174722443,8.168490153172867,0.9485154012440716,0.9482765721213917
