Experiment,Generator,Run,Duration_Seconds,Triples_Reported,Triples_Measured,Throughput_Reported,Throughput_Measured,Tool,Tool_Version,RDF_Triples,RDF_Subjects,RDF_Predicates,RDF_Objects,RDF_Classes,RDF_Mean_Outdegree,RDF_Mean_Indegree,RDF_Coherence,RDF_Coherence_TypeIncl,RDF_Type_Coverage_Avg,Triple_Validity_Pct,Shape_Translation_Loss_Pct,Schema_Constraints,Constraints_Represented,Valid_Triples,Generated_Triples,External_Conforms,External_Focus_Nodes_Selected,External_Focus_Nodes_Conforming,External_Conformance_Pct,External_Violations,External_Violations_By_Component,External_Validator,FHIR_Resource_Instances,FHIR_Resource_Types,FHIR_R4_Coverage_Pct,FHIR_Triples_Per_Resource,FHIR_Value_Literals,FHIR_Literals_Per_Resource,FHIR_Missing_ResourceType_Pct,FHIR_Malformed_Primitives,FHIR_Blank_Nodes,FHIR_Total_Nodes,FHIR_Anonymity_Index,Params,Notes,Error
rudof_shex_high,rudof,1,11.7475,498669,498669,42448.94658437966,42448.94658437966,rudof,rudof 0.3.21,498669,88000,17,72300,15,5.666693181818181,6.897219917012448,0.933393891222891,0.9999999999999999,0.9333333333333333,100.0,16.19047619047619,105,88,498669,498669,,,,,,,,,,,,,,,,,,,"{""config"": ""lubm/benchmark_config_sweep.toml"", ""entities"": 88000, ""parallel"": null, ""property_fill"": 1.0, ""schema"": ""lubm/lubm.shex"", ""seed"": 42}",,
rudof_shex_high,rudof,2,10.6779,498669,498669,46701.03672070351,46701.03672070351,rudof,rudof 0.3.21,498669,88000,17,72300,15,5.666693181818181,6.897219917012448,0.9333938912228908,0.9999999999999999,0.9333333333333333,100.0,16.19047619047619,105,88,498669,498669,,,,,,,,,,,,,,,,,,,"{""config"": ""lubm/benchmark_config_sweep.toml"", ""entities"": 88000, ""parallel"": null, ""property_fill"": 1.0, ""schema"": ""lubm/lubm.shex"", ""seed"": 42}",,
rudof_shex_high,rudof,3,10.7261,498669,498669,46491.17573022813,46491.17573022813,rudof,rudof 0.3.21,498669,88000,17,72300,15,5.666693181818181,6.897219917012448,0.9333938912228908,0.9999999999999999,0.9333333333333333,100.0,16.19047619047619,105,88,498669,498669,,,,,,,,,,,,,,,,,,,"{""config"": ""lubm/benchmark_config_sweep.toml"", ""entities"": 88000, ""parallel"": null, ""property_fill"": 1.0, ""schema"": ""lubm/lubm.shex"", ""seed"": 42}",,
rudof_shex_high,rudof,4,11.2472,498669,498669,44337.16836190341,44337.16836190341,rudof,rudof 0.3.21,498669,88000,17,72300,15,5.666693181818181,6.897219917012448,0.9333938912228908,0.9999999999999999,0.9333333333333333,100.0,16.19047619047619,105,88,498669,498669,,,,,,,,,,,,,,,,,,,"{""config"": ""lubm/benchmark_config_sweep.toml"", ""entities"": 88000, ""parallel"": null, ""property_fill"": 1.0, ""schema"": ""lubm/lubm.shex"", ""seed"": 42}",,
rudof_shex_high,rudof,5,10.1869,498669,498669,48951.98735631056,48951.98735631056,rudof,rudof 0.3.21,498669,88000,17,72300,15,5.666693181818181,6.897219917012448,0.9333938912228908,1.0,0.9333333333333333,100.0,16.19047619047619,105,88,498669,498669,,,,,,,,,,,,,,,,,,,"{""config"": ""lubm/benchmark_config_sweep.toml"", ""entities"": 88000, ""parallel"": null, ""property_fill"": 1.0, ""schema"": ""lubm/lubm.shex"", ""seed"": 42}",,
rudof_shex_high,rudof,6,10.2053,498669,498669,48863.727670916094,48863.727670916094,rudof,rudof 0.3.21,498669,88000,17,72300,15,5.666693181818181,6.897219917012448,0.933393891222891,0.9999999999999999,0.9333333333333333,100.0,16.19047619047619,105,88,498669,498669,,,,,,,,,,,,,,,,,,,"{""config"": ""lubm/benchmark_config_sweep.toml"", ""entities"": 88000, ""parallel"": null, ""property_fill"": 1.0, ""schema"": ""lubm/lubm.shex"", ""seed"": 42}",,
rudof_shex_high,rudof,7,10.711,498669,498669,46556.71739333395,46556.71739333395,rudof,rudof 0.3.21,498669,88000,17,72300,15,5.666693181818181,6.897219917012448,0.9333938912228908,0.9999999999999998,0.9333333333333333,100.0,16.19047619047619,105,88,498669,498669,,,,,,,,,,,,,,,,,,,"{""config"": ""lubm/benchmark_config_sweep.toml"", ""entities"": 88000, ""parallel"": null, ""property_fill"": 1.0, ""schema"": ""lubm/lubm.shex"", ""seed"": 42}",,
rudof_shex_high,rudof,8,10.5909,498669,498669,47084.66702546526,47084.66702546526,rudof,rudof 0.3.21,498669,88000,17,72300,15,5.666693181818181,6.897219917012448,0.9333938912228907,1.0,0.9333333333333333,100.0,16.19047619047619,105,88,498669,498669,,,,,,,,,,,,,,,,,,,"{""config"": ""lubm/benchmark_config_sweep.toml"", ""entities"": 88000, ""parallel"": null, ""property_fill"": 1.0, ""schema"": ""lubm/lubm.shex"", ""seed"": 42}",,
rudof_shex_high,rudof,9,10.5466,498669,498669,47282.44173477709,47282.44173477709,rudof,rudof 0.3.21,498669,88000,17,72300,15,5.666693181818181,6.897219917012448,0.9333938912228907,0.9999999999999998,0.9333333333333333,100.0,16.19047619047619,105,88,498669,498669,,,,,,,,,,,,,,,,,,,"{""config"": ""lubm/benchmark_config_sweep.toml"", ""entities"": 88000, ""parallel"": null, ""property_fill"": 1.0, ""schema"": ""lubm/lubm.shex"", ""seed"": 42}",,
rudof_shex_high,rudof,10,10.1223,498669,498669,49264.396431641035,49264.396431641035,rudof,rudof 0.3.21,498669,88000,17,72300,15,5.666693181818181,6.897219917012448,0.933393891222891,0.9999999999999999,0.9333333333333333,100.0,16.19047619047619,105,88,498669,498669,,,,,,,,,,,,,,,,,,,"{""config"": ""lubm/benchmark_config_sweep.toml"", ""entities"": 88000, ""parallel"": null, ""property_fill"": 1.0, ""schema"": ""lubm/lubm.shex"", ""seed"": 42}",,
rudof_shex_high,rudof,11,11.6795,498669,498669,42696.09144227064,42696.09144227064,rudof,rudof 0.3.21,498669,88000,17,72300,15,5.666693181818181,6.897219917012448,0.9333938912228907,0.9999999999999999,0.9333333333333333,100.0,16.19047619047619,105,88,498669,498669,,,,,,,,,,,,,,,,,,,"{""config"": ""lubm/benchmark_config_sweep.toml"", ""entities"": 88000, ""parallel"": null, ""property_fill"": 1.0, ""schema"": ""lubm/lubm.shex"", ""seed"": 42}",,
rudof_shex_high,rudof,12,10.534,498669,498669,47338.99753180178,47338.99753180178,rudof,rudof 0.3.21,498669,88000,17,72300,15,5.666693181818181,6.897219917012448,0.9333938912228908,1.0,0.9333333333333333,100.0,16.19047619047619,105,88,498669,498669,,,,,,,,,,,,,,,,,,,"{""config"": ""lubm/benchmark_config_sweep.toml"", ""entities"": 88000, ""parallel"": null, ""property_fill"": 1.0, ""schema"": ""lubm/lubm.shex"", ""seed"": 42}",,
rudof_shex_high,rudof,13,10.9704,498669,498669,45455.863049660904,45455.863049660904,rudof,rudof 0.3.21,498669,88000,17,72300,15,5.666693181818181,6.897219917012448,0.9333938912228908,1.0,0.9333333333333333,100.0,16.19047619047619,105,88,498669,498669,,,,,,,,,,,,,,,,,,,"{""config"": ""lubm/benchmark_config_sweep.toml"", ""entities"": 88000, ""parallel"": null, ""property_fill"": 1.0, ""schema"": ""lubm/lubm.shex"", ""seed"": 42}",,
rudof_shex_high,rudof,14,10.5986,498669,498669,47050.45949465024,47050.45949465024,rudof,rudof 0.3.21,498669,88000,17,72300,15,5.666693181818181,6.897219917012448,0.9333938912228908,0.9999999999999998,0.9333333333333333,100.0,16.19047619047619,105,88,498669,498669,,,,,,,,,,,,,,,,,,,"{""config"": ""lubm/benchmark_config_sweep.toml"", ""entities"": 88000, ""parallel"": null, ""property_fill"": 1.0, ""schema"": ""lubm/lubm.shex"", ""seed"": 42}",,
rudof_shex_high,rudof,15,10.8059,498669,498669,46147.845158663324,46147.845158663324,rudof,rudof 0.3.21,498669,88000,17,72300,15,5.666693181818181,6.897219917012448,0.9333938912228908,0.9999999999999999,0.9333333333333333,100.0,16.19047619047619,105,88,498669,498669,,,,,,,,,,,,,,,,,,,"{""config"": ""lubm/benchmark_config_sweep.toml"", ""entities"": 88000, ""parallel"": null, ""property_fill"": 1.0, ""schema"": ""lubm/lubm.shex"", ""seed"": 42}",,
rudof_shex_high,rudof,16,10.6422,498669,498669,46857.69859615493,46857.69859615493,rudof,rudof 0.3.21,498669,88000,17,72300,15,5.666693181818181,6.897219917012448,0.9333938912228908,1.0,0.9333333333333333,100.0,16.19047619047619,105,88,498669,498669,,,,,,,,,,,,,,,,,,,"{""config"": ""lubm/benchmark_config_sweep.toml"", ""entities"": 88000, ""parallel"": null, ""property_fill"": 1.0, ""schema"": ""lubm/lubm.shex"", ""seed"": 42}",,
rudof_shex_high,rudof,17,10.6811,498669,498669,46687.04534177191,46687.04534177191,rudof,rudof 0.3.21,498669,88000,17,72300,15,5.666693181818181,6.897219917012448,0.9333938912228908,0.9999999999999998,0.9333333333333333,100.0,16.19047619047619,105,88,498669,498669,,,,,,,,,,,,,,,,,,,"{""config"": ""lubm/benchmark_config_sweep.toml"", ""entities"": 88000, ""parallel"": null, ""property_fill"": 1.0, ""schema"": ""lubm/lubm.shex"", ""seed"": 42}",,
rudof_shex_high,rudof,18,10.8308,498669,498669,46041.751301842894,46041.751301842894,rudof,rudof 0.3.21,498669,88000,17,72300,15,5.666693181818181,6.897219917012448,0.9333938912228908,0.9999999999999999,0.9333333333333333,100.0,16.19047619047619,105,88,498669,498669,,,,,,,,,,,,,,,,,,,"{""config"": ""lubm/benchmark_config_sweep.toml"", ""entities"": 88000, ""parallel"": null, ""property_fill"": 1.0, ""schema"": ""lubm/lubm.shex"", ""seed"": 42}",,
rudof_shex_high,rudof,19,10.7833,498669,498669,46244.563352591504,46244.563352591504,rudof,rudof 0.3.21,498669,88000,17,72300,15,5.666693181818181,6.897219917012448,0.9333938912228908,0.9999999999999999,0.9333333333333333,100.0,16.19047619047619,105,88,498669,498669,,,,,,,,,,,,,,,,,,,"{""config"": ""lubm/benchmark_config_sweep.toml"", ""entities"": 88000, ""parallel"": null, ""property_fill"": 1.0, ""schema"": ""lubm/lubm.shex"", ""seed"": 42}",,
rudof_shex_high,rudof,20,10.5689,498669,498669,47182.67747826169,47182.67747826169,rudof,rudof 0.3.21,498669,88000,17,72300,15,5.666693181818181,6.897219917012448,0.9333938912228908,1.0,0.9333333333333333,100.0,16.19047619047619,105,88,498669,498669,,,,,,,,,,,,,,,,,,,"{""config"": ""lubm/benchmark_config_sweep.toml"", ""entities"": 88000, ""parallel"": null, ""property_fill"": 1.0, ""schema"": ""lubm/lubm.shex"", ""seed"": 42}",,
rudof_shex_high,rudof,21,10.5793,498669,498669,47136.294461826394,47136.294461826394,rudof,rudof 0.3.21,498669,88000,17,72300,15,5.666693181818181,6.897219917012448,0.9333938912228908,1.0000000000000002,0.9333333333333333,100.0,16.19047619047619,105,88,498669,498669,,,,,,,,,,,,,,,,,,,"{""config"": ""lubm/benchmark_config_sweep.toml"", ""entities"": 88000, ""parallel"": null, ""property_fill"": 1.0, ""schema"": ""lubm/lubm.shex"", ""seed"": 42}",,
rudof_shex_high,rudof,22,10.6863,498669,498669,46664.32722270571,46664.32722270571,rudof,rudof 0.3.21,498669,88000,17,72300,15,5.666693181818181,6.897219917012448,0.9333938912228908,1.0,0.9333333333333333,100.0,16.19047619047619,105,88,498669,498669,,,,,,,,,,,,,,,,,,,"{""config"": ""lubm/benchmark_config_sweep.toml"", ""entities"": 88000, ""parallel"": null, ""property_fill"": 1.0, ""schema"": ""lubm/lubm.shex"", ""seed"": 42}",,
rudof_shex_high,rudof,23,10.6945,498669,498669,46628.54738416943,46628.54738416943,rudof,rudof 0.3.21,498669,88000,17,72300,15,5.666693181818181,6.897219917012448,0.9333938912228908,0.9999999999999999,0.9333333333333333,100.0,16.19047619047619,105,88,498669,498669,,,,,,,,,,,,,,,,,,,"{""config"": ""lubm/benchmark_config_sweep.toml"", ""entities"": 88000, ""parallel"": null, ""property_fill"": 1.0, ""schema"": ""lubm/lubm.shex"", ""seed"": 42}",,
rudof_shex_high,rudof,24,10.7997,498669,498669,46174.338176060446,46174.338176060446,rudof,rudof 0.3.21,498669,88000,17,72300,15,5.666693181818181,6.897219917012448,0.9333938912228908,1.0,0.9333333333333333,100.0,16.19047619047619,105,88,498669,498669,,,,,,,,,,,,,,,,,,,"{""config"": ""lubm/benchmark_config_sweep.toml"", ""entities"": 88000, ""parallel"": null, ""property_fill"": 1.0, ""schema"": ""lubm/lubm.shex"", ""seed"": 42}",,
rudof_shex_high,rudof,25,10.6786,498669,498669,46697.97539003241,46697.97539003241,rudof,rudof 0.3.21,498669,88000,17,72300,15,5.666693181818181,6.897219917012448,0.933393891222891,0.9999999999999998,0.9333333333333333,100.0,16.19047619047619,105,88,498669,498669,,,,,,,,,,,,,,,,,,,"{""config"": ""lubm/benchmark_config_sweep.toml"", ""entities"": 88000, ""parallel"": null, ""property_fill"": 1.0, ""schema"": ""lubm/lubm.shex"", ""seed"": 42}",,
rudof_shex_high,rudof,26,10.6594,498669,498669,46782.08904816406,46782.08904816406,rudof,rudof 0.3.21,498669,88000,17,72300,15,5.666693181818181,6.897219917012448,0.9333938912228908,0.9999999999999999,0.9333333333333333,100.0,16.19047619047619,105,88,498669,498669,,,,,,,,,,,,,,,,,,,"{""config"": ""lubm/benchmark_config_sweep.toml"", ""entities"": 88000, ""parallel"": null, ""property_fill"": 1.0, ""schema"": ""lubm/lubm.shex"", ""seed"": 42}",,
rudof_shex_high,rudof,27,10.6407,498669,498669,46864.304040147734,46864.304040147734,rudof,rudof 0.3.21,498669,88000,17,72300,15,5.666693181818181,6.897219917012448,0.9333938912228908,1.0,0.9333333333333333,100.0,16.19047619047619,105,88,498669,498669,,,,,,,,,,,,,,,,,,,"{""config"": ""lubm/benchmark_config_sweep.toml"", ""entities"": 88000, ""parallel"": null, ""property_fill"": 1.0, ""schema"": ""lubm/lubm.shex"", ""seed"": 42}",,
rudof_shex_high,rudof,28,10.6676,498669,498669,46746.12846375942,46746.12846375942,rudof,rudof 0.3.21,498669,88000,17,72300,15,5.666693181818181,6.897219917012448,0.9333938912228908,0.9999999999999999,0.9333333333333333,100.0,16.19047619047619,105,88,498669,498669,,,,,,,,,,,,,,,,,,,"{""config"": ""lubm/benchmark_config_sweep.toml"", ""entities"": 88000, ""parallel"": null, ""property_fill"": 1.0, ""schema"": ""lubm/lubm.shex"", ""seed"": 42}",,
rudof_shex_high,rudof,29,10.7825,498669,498669,46247.994435427776,46247.994435427776,rudof,rudof 0.3.21,498669,88000,17,72300,15,5.666693181818181,6.897219917012448,0.9333938912228908,0.9999999999999998,0.9333333333333333,100.0,16.19047619047619,105,88,498669,498669,,,,,,,,,,,,,,,,,,,"{""config"": ""lubm/benchmark_config_sweep.toml"", ""entities"": 88000, ""parallel"": null, ""property_fill"": 1.0, ""schema"": ""lubm/lubm.shex"", ""seed"": 42}",,
rudof_shex_high,rudof,30,10.6365,498669,498669,46882.809194753914,46882.809194753914,rudof,rudof 0.3.21,498669,88000,17,72300,15,5.666693181818181,6.897219917012448,0.9333938912228908,1.0,0.9333333333333333,100.0,16.19047619047619,105,88,498669,498669,,,,,,,,,,,,,,,,,,,"{""config"": ""lubm/benchmark_config_sweep.toml"", ""entities"": 88000, ""parallel"": null, ""property_fill"": 1.0, ""schema"": ""lubm/lubm.shex"", ""seed"": 42}",,
rudof_shex_low,rudof,1,5.8506,322906,322906,55191.94612518374,55191.94612518374,rudof,rudof 0.3.21,322906,88000,15,35839,15,3.6693863636363635,9.009905410307207,0.45695275038666944,0.8152299558080807,0.4568343189306803,100.0,16.19047619047619,105,88,322906,322906,,,,,,,,,,,,,,,,,,,"{""config"": ""lubm/benchmark_config_sweep.toml"", ""entities"": 88000, ""parallel"": null, ""property_fill"": 0.1, ""schema"": ""lubm/lubm.shex"", ""seed"": 42}",,
rudof_shex_low,rudof,2,5.8991,322906,322906,54738.180400400066,54738.180400400066,rudof,rudof 0.3.21,322906,88000,15,35839,15,3.6693863636363635,9.009905410307207,0.4569527503866694,0.8152299558080808,0.4568343189306803,100.0,16.19047619047619,105,88,322906,322906,,,,,,,,,,,,,,,,,,,"{""config"": ""lubm/benchmark_config_sweep.toml"", ""entities"": 88000, ""parallel"": null, ""property_fill"": 0.1, ""schema"": ""lubm/lubm.shex"", ""seed"": 42}",,
rudof_shex_low,rudof,3,5.8383,322906,322906,55308.22328417518,55308.22328417518,rudof,rudof 0.3.21,322906,88000,15,35839,15,3.6693863636363635,9.009905410307207,0.45695275038666944,0.8152299558080808,0.4568343189306803,100.0,16.19047619047619,105,88,322906,322906,,,,,,,,,,,,,,,,,,,"{""config"": ""lubm/benchmark_config_sweep.toml"", ""entities"": 88000, ""parallel"": null, ""property_fill"": 0.1, ""schema"": ""lubm/lubm.shex"", ""seed"": 42}",,
rudof_shex_low,rudof,4,5.8679,322906,322906,55029.22681027284,55029.22681027284,rudof,rudof 0.3.21,322906,88000,15,35839,15,3.6693863636363635,9.009905410307207,0.45695275038666944,0.8152299558080809,0.4568343189306803,100.0,16.19047619047619,105,88,322906,322906,,,,,,,,,,,,,,,,,,,"{""config"": ""lubm/benchmark_config_sweep.toml"", ""entities"": 88000, ""parallel"": null, ""property_fill"": 0.1, ""schema"": ""lubm/lubm.shex"", ""seed"": 42}",,
rudof_shex_low,rudof,5,5.8666,322906,322906,55041.420925237784,55041.420925237784,rudof,rudof 0.3.21,322906,88000,15,35839,15,3.6693863636363635,9.009905410307207,0.45695275038666944,0.8152299558080808,0.4568343189306803,100.0,16.19047619047619,105,88,322906,322906,,,,,,,,,,,,,,,,,,,"{""config"": ""lubm/benchmark_config_sweep.toml"", ""entities"": 88000, ""parallel"": null, ""property_fill"": 0.1, ""schema"": ""lubm/lubm.shex"", ""seed"": 42}",,
rudof_shex_low,rudof,6,5.8906,322906,322906,54817.16633280141,54817.16633280141,rudof,rudof 0.3.21,322906,88000,15,35839,15,3.6693863636363635,9.009905410307207,0.4569527503866694,0.8152299558080809,0.4568343189306803,100.0,16.19047619047619,105,88,322906,322906,,,,,,,,,,,,,,,,,,,"{""config"": ""lubm/benchmark_config_sweep.toml"", ""entities"": 88000, ""parallel"": null, ""property_fill"": 0.1, ""schema"": ""lubm/lubm.shex"", ""seed"": 42}",,
rudof_shex_low,rudof,7,5.8296,322906,322906,55390.76437491423,55390.76437491423,rudof,rudof 0.3.21,322906,88000,15,35839,15,3.6693863636363635,9.009905410307207,0.45695275038666944,0.8152299558080808,0.4568343189306803,100.0,16.19047619047619,105,88,322906,322906,,,,,,,,,,,,,,,,,,,"{""config"": ""lubm/benchmark_config_sweep.toml"", ""entities"": 88000, ""parallel"": null, ""property_fill"": 0.1, ""schema"": ""lubm/lubm.shex"", ""seed"": 42}",,
rudof_shex_low,rudof,8,6.1782,322906,322906,52265.38473989187,52265.38473989187,rudof,rudof 0.3.21,322906,88000,15,35839,15,3.6693863636363635,9.009905410307207,0.45695275038666944,0.8152299558080807,0.4568343189306803,100.0,16.19047619047619,105,88,322906,322906,,,,,,,,,,,,,,,,,,,"{""config"": ""lubm/benchmark_config_sweep.toml"", ""entities"": 88000, ""parallel"": null, ""property_fill"": 0.1, ""schema"": ""lubm/lubm.shex"", ""seed"": 42}",,
rudof_shex_low,rudof,9,6.1523,322906,322906,52485.411959754885,52485.411959754885,rudof,rudof 0.3.21,322906,88000,15,35839,15,3.6693863636363635,9.009905410307207,0.4569527503866694,0.8152299558080808,0.4568343189306803,100.0,16.19047619047619,105,88,322906,322906,,,,,,,,,,,,,,,,,,,"{""config"": ""lubm/benchmark_config_sweep.toml"", ""entities"": 88000, ""parallel"": null, ""property_fill"": 0.1, ""schema"": ""lubm/lubm.shex"", ""seed"": 42}",,
rudof_shex_low,rudof,10,6.0283,322906,322906,53565.01833020918,53565.01833020918,rudof,rudof 0.3.21,322906,88000,15,35839,15,3.6693863636363635,9.009905410307207,0.45695275038666944,0.8152299558080808,0.4568343189306803,100.0,16.19047619047619,105,88,322906,322906,,,,,,,,,,,,,,,,,,,"{""config"": ""lubm/benchmark_config_sweep.toml"", ""entities"": 88000, ""parallel"": null, ""property_fill"": 0.1, ""schema"": ""lubm/lubm.shex"", ""seed"": 42}",,
rudof_shex_low,rudof,11,5.9196,322906,322906,54548.618149874994,54548.618149874994,rudof,rudof 0.3.21,322906,88000,15,35839,15,3.6693863636363635,9.009905410307207,0.4569527503866694,0.8152299558080807,0.4568343189306803,100.0,16.19047619047619,105,88,322906,322906,,,,,,,,,,,,,,,,,,,"{""config"": ""lubm/benchmark_config_sweep.toml"", ""entities"": 88000, ""parallel"": null, ""property_fill"": 0.1, ""schema"": ""lubm/lubm.shex"", ""seed"": 42}",,
rudof_shex_low,rudof,12,6.1341,322906,322906,52641.1372491482,52641.1372491482,rudof,rudof 0.3.21,322906,88000,15,35839,15,3.6693863636363635,9.009905410307207,0.45695275038666944,0.8152299558080809,0.4568343189306803,100.0,16.19047619047619,105,88,322906,322906,,,,,,,,,,,,,,,,,,,"{""config"": ""lubm/benchmark_config_sweep.toml"", ""entities"": 88000, ""parallel"": null, ""property_fill"": 0.1, ""schema"": ""lubm/lubm.shex"", ""seed"": 42}",,
rudof_shex_low,rudof,13,6.1742,322906,322906,52299.24524634771,52299.24524634771,rudof,rudof 0.3.21,322906,88000,15,35839,15,3.6693863636363635,9.009905410307207,0.45695275038666944,0.8152299558080808,0.4568343189306803,100.0,16.19047619047619,105,88,322906,322906,,,,,,,,,,,,,,,,,,,"{""config"": ""lubm/benchmark_config_sweep.toml"", ""entities"": 88000, ""parallel"": null, ""property_fill"": 0.1, ""schema"": ""lubm/lubm.shex"", ""seed"": 42}",,
rudof_shex_low,rudof,14,6.0242,322906,322906,53601.474054646256,53601.474054646256,rudof,rudof 0.3.21,322906,88000,15,35839,15,3.6693863636363635,9.009905410307207,0.4569527503866694,0.8152299558080808,0.4568343189306803,100.0,16.19047619047619,105,88,322906,322906,,,,,,,,,,,,,,,,,,,"{""config"": ""lubm/benchmark_config_sweep.toml"", ""entities"": 88000, ""parallel"": null, ""property_fill"": 0.1, ""schema"": ""lubm/lubm.shex"", ""seed"": 42}",,
rudof_shex_low,rudof,15,6.1655,322906,322906,52373.043548779504,52373.043548779504,rudof,rudof 0.3.21,322906,88000,15,35839,15,3.6693863636363635,9.009905410307207,0.4569527503866694,0.8152299558080808,0.4568343189306803,100.0,16.19047619047619,105,88,322906,322906,,,,,,,,,,,,,,,,,,,"{""config"": ""lubm/benchmark_config_sweep.toml"", ""entities"": 88000, ""parallel"": null, ""property_fill"": 0.1, ""schema"": ""lubm/lubm.shex"", ""seed"": 42}",,
rudof_shex_low,rudof,16,6.2071,322906,322906,52022.039277601456,52022.039277601456,rudof,rudof 0.3.21,322906,88000,15,35839,15,3.6693863636363635,9.009905410307207,0.4569527503866694,0.8152299558080807,0.4568343189306803,100.0,16.19047619047619,105,88,322906,322906,,,,,,,,,,,,,,,,,,,"{""config"": ""lubm/benchmark_config_sweep.toml"", ""entities"": 88000, ""parallel"": null, ""property_fill"": 0.1, ""schema"": ""lubm/lubm.shex"", ""seed"": 42}",,
rudof_shex_low,rudof,17,6.0337,322906,322906,53517.079072542554,53517.079072542554,rudof,rudof 0.3.21,322906,88000,15,35839,15,3.6693863636363635,9.009905410307207,0.45695275038666944,0.8152299558080808,0.4568343189306803,100.0,16.19047619047619,105,88,322906,322906,,,,,,,,,,,,,,,,,,,"{""config"": ""lubm/benchmark_config_sweep.toml"", ""entities"": 88000, ""parallel"": null, ""property_fill"": 0.1, ""schema"": ""lubm/lubm.shex"", ""seed"": 42}",,
rudof_shex_low,rudof,18,5.929,322906,322906,54462.13526733007,54462.13526733007,rudof,rudof 0.3.21,322906,88000,15,35839,15,3.6693863636363635,9.009905410307207,0.45695275038666944,0.8152299558080808,0.4568343189306803,100.0,16.19047619047619,105,88,322906,322906,,,,,,,,,,,,,,,,,,,"{""config"": ""lubm/benchmark_config_sweep.toml"", ""entities"": 88000, ""parallel"": null, ""property_fill"": 0.1, ""schema"": ""lubm/lubm.shex"", ""seed"": 42}",,
rudof_shex_low,rudof,19,5.9047,322906,322906,54686.26687215269,54686.26687215269,rudof,rudof 0.3.21,322906,88000,15,35839,15,3.6693863636363635,9.009905410307207,0.4569527503866694,0.8152299558080809,0.4568343189306803,100.0,16.19047619047619,105,88,322906,322906,,,,,,,,,,,,,,,,,,,"{""config"": ""lubm/benchmark_config_sweep.toml"", ""entities"": 88000, ""parallel"": null, ""property_fill"": 0.1, ""schema"": ""lubm/lubm.shex"", ""seed"": 42}",,
rudof_shex_low,rudof,20,6.0335,322906,322906,53518.853070357174,53518.853070357174,rudof,rudof 0.3.21,322906,88000,15,35839,15,3.6693863636363635,9.009905410307207,0.45695275038666944,0.8152299558080809,0.4568343189306803,100.0,16.19047619047619,105,88,322906,322906,,,,,,,,,,,,,,,,,,,"{""config"": ""lubm/benchmark_config_sweep.toml"", ""entities"": 88000, ""parallel"": null, ""property_fill"": 0.1, ""schema"": ""lubm/lubm.shex"", ""seed"": 42}",,
rudof_shex_low,rudof,21,5.9774,322906,322906,54021.146317797036,54021.146317797036,rudof,rudof 0.3.21,322906,88000,15,35839,15,3.6693863636363635,9.009905410307207,0.45695275038666944,0.8152299558080807,0.4568343189306803,100.0,16.19047619047619,105,88,322906,322906,,,,,,,,,,,,,,,,,,,"{""config"": ""lubm/benchmark_config_sweep.toml"", ""entities"": 88000, ""parallel"": null, ""property_fill"": 0.1, ""schema"": ""lubm/lubm.shex"", ""seed"": 42}",,
rudof_shex_low,rudof,22,5.9548,322906,322906,54226.170484315175,54226.170484315175,rudof,rudof 0.3.21,322906,88000,15,35839,15,3.6693863636363635,9.009905410307207,0.4569527503866694,0.8152299558080808,0.4568343189306803,100.0,16.19047619047619,105,88,322906,322906,,,,,,,,,,,,,,,,,,,"{""config"": ""lubm/benchmark_config_sweep.toml"", ""entities"": 88000, ""parallel"": null, ""property_fill"": 0.1, ""schema"": ""lubm/lubm.shex"", ""seed"": 42}",,
rudof_shex_low,rudof,23,5.7072,322906,322906,56578.7075974208,56578.7075974208,rudof,rudof 0.3.21,322906,88000,15,35839,15,3.6693863636363635,9.009905410307207,0.45695275038666944,0.8152299558080808,0.4568343189306803,100.0,16.19047619047619,105,88,322906,322906,,,,,,,,,,,,,,,,,,,"{""config"": ""lubm/benchmark_config_sweep.toml"", ""entities"": 88000, ""parallel"": null, ""property_fill"": 0.1, ""schema"": ""lubm/lubm.shex"", ""seed"": 42}",,
rudof_shex_low,rudof,24,5.9504,322906,322906,54266.267813928476,54266.267813928476,rudof,rudof 0.3.21,322906,88000,15,35839,15,3.6693863636363635,9.009905410307207,0.4569527503866695,0.8152299558080808,0.4568343189306803,100.0,16.19047619047619,105,88,322906,322906,,,,,,,,,,,,,,,,,,,"{""config"": ""lubm/benchmark_config_sweep.toml"", ""entities"": 88000, ""parallel"": null, ""property_fill"": 0.1, ""schema"": ""lubm/lubm.shex"", ""seed"": 42}",,
rudof_shex_low,rudof,25,5.8997,322906,322906,54732.61352272149,54732.61352272149,rudof,rudof 0.3.21,322906,88000,15,35839,15,3.6693863636363635,9.009905410307207,0.45695275038666944,0.8152299558080808,0.4568343189306803,100.0,16.19047619047619,105,88,322906,322906,,,,,,,,,,,,,,,,,,,"{""config"": ""lubm/benchmark_config_sweep.toml"", ""entities"": 88000, ""parallel"": null, ""property_fill"": 0.1, ""schema"": ""lubm/lubm.shex"", ""seed"": 42}",,
rudof_shex_low,rudof,26,5.8824,322906,322906,54893.580851353196,54893.580851353196,rudof,rudof 0.3.21,322906,88000,15,35839,15,3.6693863636363635,9.009905410307207,0.4569527503866694,0.8152299558080808,0.4568343189306803,100.0,16.19047619047619,105,88,322906,322906,,,,,,,,,,,,,,,,,,,"{""config"": ""lubm/benchmark_config_sweep.toml"", ""entities"": 88000, ""parallel"": null, ""property_fill"": 0.1, ""schema"": ""lubm/lubm.shex"", ""seed"": 42}",,
rudof_shex_low,rudof,27,5.9503,322906,322906,54267.179806060194,54267.179806060194,rudof,rudof 0.3.21,322906,88000,15,35839,15,3.6693863636363635,9.009905410307207,0.4569527503866694,0.8152299558080807,0.4568343189306803,100.0,16.19047619047619,105,88,322906,322906,,,,,,,,,,,,,,,,,,,"{""config"": ""lubm/benchmark_config_sweep.toml"", ""entities"": 88000, ""parallel"": null, ""property_fill"": 0.1, ""schema"": ""lubm/lubm.shex"", ""seed"": 42}",,
rudof_shex_low,rudof,28,5.9297,322906,322906,54455.70602222709,54455.70602222709,rudof,rudof 0.3.21,322906,88000,15,35839,15,3.6693863636363635,9.009905410307207,0.45695275038666944,0.8152299558080809,0.4568343189306803,100.0,16.19047619047619,105,88,322906,322906,,,,,,,,,,,,,,,,,,,"{""config"": ""lubm/benchmark_config_sweep.toml"", ""entities"": 88000, ""parallel"": null, ""property_fill"": 0.1, ""schema"": ""lubm/lubm.shex"", ""seed"": 42}",,
rudof_shex_low,rudof,29,5.9264,322906,322906,54486.02861771058,54486.02861771058,rudof,rudof 0.3.21,322906,88000,15,35839,15,3.6693863636363635,9.009905410307207,0.45695275038666944,0.8152299558080807,0.4568343189306803,100.0,16.19047619047619,105,88,322906,322906,,,,,,,,,,,,,,,,,,,"{""config"": ""lubm/benchmark_config_sweep.toml"", ""entities"": 88000, ""parallel"": null, ""property_fill"": 0.1, ""schema"": ""lubm/lubm.shex"", ""seed"": 42}",,
rudof_shex_low,rudof,30,5.8443,322906,322906,55251.44157555225,55251.44157555225,rudof,rudof 0.3.21,322906,88000,15,35839,15,3.6693863636363635,9.009905410307207,0.45695275038666944,0.8152299558080807,0.4568343189306803,100.0,16.19047619047619,105,88,322906,322906,,,,,,,,,,,,,,,,,,,"{""config"": ""lubm/benchmark_config_sweep.toml"", ""entities"": 88000, ""parallel"": null, ""property_fill"": 0.1, ""schema"": ""lubm/lubm.shex"", ""seed"": 42}",,
rudof_shacl_high,rudof,1,10.7729,498669,498669,46289.20717726889,46289.20717726889,rudof,rudof 0.3.21,498669,88000,17,72300,15,5.666693181818181,6.897219917012448,0.9333938912228908,0.9999999999999998,0.9333333333333333,100.0,0.0,221,221,498669,498669,,,,,,,,,,,,,,,,,,,"{""config"": ""lubm/benchmark_config_sweep.toml"", ""entities"": 88000, ""parallel"": null, ""property_fill"": 1.0, ""schema"": ""lubm/lubm_shacl.ttl"", ""seed"": 42}",,
rudof_shacl_high,rudof,2,10.764,498669,498669,46327.48049052397,46327.48049052397,rudof,rudof 0.3.21,498669,88000,17,72300,15,5.666693181818181,6.897219917012448,0.9333938912228908,1.0,0.9333333333333333,100.0,0.0,221,221,498669,498669,,,,,,,,,,,,,,,,,,,"{""config"": ""lubm/benchmark_config_sweep.toml"", ""entities"": 88000, ""parallel"": null, ""property_fill"": 1.0, ""schema"": ""lubm/lubm_shacl.ttl"", ""seed"": 42}",,
rudof_shacl_high,rudof,3,10.7319,498669,498669,46466.049814105616,46466.049814105616,rudof,rudof 0.3.21,498669,88000,17,72300,15,5.666693181818181,6.897219917012448,0.9333938912228908,0.9999999999999999,0.9333333333333333,100.0,0.0,221,221,498669,498669,,,,,,,,,,,,,,,,,,,"{""config"": ""lubm/benchmark_config_sweep.toml"", ""entities"": 88000, ""parallel"": null, ""property_fill"": 1.0, ""schema"": ""lubm/lubm_shacl.ttl"", ""seed"": 42}",,
rudof_shacl_high,rudof,4,10.8332,498669,498669,46031.55115755271,46031.55115755271,rudof,rudof 0.3.21,498669,88000,17,72300,15,5.666693181818181,6.897219917012448,0.9333938912228908,0.9999999999999998,0.9333333333333333,100.0,0.0,221,221,498669,498669,,,,,,,,,,,,,,,,,,,"{""config"": ""lubm/benchmark_config_sweep.toml"", ""entities"": 88000, ""parallel"": null, ""property_fill"": 1.0, ""schema"": ""lubm/lubm_shacl.ttl"", ""seed"": 42}",,
rudof_shacl_high,rudof,5,10.6371,498669,498669,46880.164706545955,46880.164706545955,rudof,rudof 0.3.21,498669,88000,17,72300,15,5.666693181818181,6.897219917012448,0.9333938912228908,0.9999999999999999,0.9333333333333333,100.0,0.0,221,221,498669,498669,,,,,,,,,,,,,,,,,,,"{""config"": ""lubm/benchmark_config_sweep.toml"", ""entities"": 88000, ""parallel"": null, ""property_fill"": 1.0, ""schema"": ""lubm/lubm_shacl.ttl"", ""seed"": 42}",,
rudof_shacl_high,rudof,6,10.7655,498669,498669,46321.025498118994,46321.025498118994,rudof,rudof 0.3.21,498669,88000,17,72300,15,5.666693181818181,6.897219917012448,0.9333938912228908,1.0,0.9333333333333333,100.0,0.0,221,221,498669,498669,,,,,,,,,,,,,,,,,,,"{""config"": ""lubm/benchmark_config_sweep.toml"", ""entities"": 88000, ""parallel"": null, ""property_fill"": 1.0, ""schema"": ""lubm/lubm_shacl.ttl"", ""seed"": 42}",,
rudof_shacl_high,rudof,7,11.0361,498669,498669,45185.255660967196,45185.255660967196,rudof,rudof 0.3.21,498669,88000,17,72300,15,5.666693181818181,6.897219917012448,0.9333938912228908,1.0,0.9333333333333333,100.0,0.0,221,221,498669,498669,,,,,,,,,,,,,,,,,,,"{""config"": ""lubm/benchmark_config_sweep.toml"", ""entities"": 88000, ""parallel"": null, ""property_fill"": 1.0, ""schema"": ""lubm/lubm_shacl.ttl"", ""seed"": 42}",,
rudof_shacl_high,rudof,8,10.7141,498669,498669,46543.24674961033,46543.24674961033,rudof,rudof 0.3.21,498669,88000,17,72300,15,5.666693181818181,6.897219917012448,0.9333938912228908,0.9999999999999998,0.9333333333333333,100.0,0.0,221,221,498669,498669,,,,,,,,,,,,,,,,,,,"{""config"": ""lubm/benchmark_config_sweep.toml"", ""entities"": 88000, ""parallel"": null, ""property_fill"": 1.0, ""schema"": ""lubm/lubm_shacl.ttl"", ""seed"": 42}",,
rudof_shacl_high,rudof,9,10.822,498669,498669,46079.19053779339,46079.19053779339,rudof,rudof 0.3.21,498669,88000,17,72300,15,5.666693181818181,6.897219917012448,0.9333938912228908,0.9999999999999999,0.9333333333333333,100.0,0.0,221,221,498669,498669,,,,,,,,,,,,,,,,,,,"{""config"": ""lubm/benchmark_config_sweep.toml"", ""entities"": 88000, ""parallel"": null, ""property_fill"": 1.0, ""schema"": ""lubm/lubm_shacl.ttl"", ""seed"": 42}",,
rudof_shacl_high,rudof,10,10.7286,498669,498669,46480.34226273698,46480.34226273698,rudof,rudof 0.3.21,498669,88000,17,72300,15,5.666693181818181,6.897219917012448,0.9333938912228908,1.0000000000000002,0.9333333333333333,100.0,0.0,221,221,498669,498669,,,,,,,,,,,,,,,,,,,"{""config"": ""lubm/benchmark_config_sweep.toml"", ""entities"": 88000, ""parallel"": null, ""property_fill"": 1.0, ""schema"": ""lubm/lubm_shacl.ttl"", ""seed"": 42}",,
rudof_shacl_high,rudof,11,10.9352,498669,498669,45602.18377350208,45602.18377350208,rudof,rudof 0.3.21,498669,88000,17,72300,15,5.666693181818181,6.897219917012448,0.933393891222891,0.9999999999999999,0.9333333333333333,100.0,0.0,221,221,498669,498669,,,,,,,,,,,,,,,,,,,"{""config"": ""lubm/benchmark_config_sweep.toml"", ""entities"": 88000, ""parallel"": null, ""property_fill"": 1.0, ""schema"": ""lubm/lubm_shacl.ttl"", ""seed"": 42}",,
rudof_shacl_high,rudof,12,10.6465,498669,498669,46838.773305781244,46838.773305781244,rudof,rudof 0.3.21,498669,88000,17,72300,15,5.666693181818181,6.897219917012448,0.9333938912228908,0.9999999999999998,0.9333333333333333,100.0,0.0,221,221,498669,498669,,,,,,,,,,,,,,,,,,,"{""config"": ""lubm/benchmark_config_sweep.toml"", ""entities"": 88000, ""parallel"": null, ""property_fill"": 1.0, ""schema"": ""lubm/lubm_shacl.ttl"", ""seed"": 42}",,
rudof_shacl_high,rudof,13,10.699,498669,498669,46608.93541452472,46608.93541452472,rudof,rudof 0.3.21,498669,88000,17,72300,15,5.666693181818181,6.897219917012448,0.933393891222891,0.9999999999999999,0.9333333333333333,100.0,0.0,221,221,498669,498669,,,,,,,,,,,,,,,,,,,"{""config"": ""lubm/benchmark_config_sweep.toml"", ""entities"": 88000, ""parallel"": null, ""property_fill"": 1.0, ""schema"": ""lubm/lubm_shacl.ttl"", ""seed"": 42}",,
rudof_shacl_high,rudof,14,10.7031,498669,498669,46591.08108865656,46591.08108865656,rudof,rudof 0.3.21,498669,88000,17,72300,15,5.666693181818181,6.897219917012448,0.9333938912228908,0.9999999999999999,0.9333333333333333,100.0,0.0,221,221,498669,498669,,,,,,,,,,,,,,,,,,,"{""config"": ""lubm/benchmark_config_sweep.toml"", ""entities"": 88000, ""parallel"": null, ""property_fill"": 1.0, ""schema"": ""lubm/lubm_shacl.ttl"", ""seed"": 42}",,
rudof_shacl_high,rudof,15,10.704,498669,498669,46587.16367713004,46587.16367713004,rudof,rudof 0.3.21,498669,88000,17,72300,15,5.666693181818181,6.897219917012448,0.9333938912228908,0.9999999999999999,0.9333333333333333,100.0,0.0,221,221,498669,498669,,,,,,,,,,,,,,,,,,,"{""config"": ""lubm/benchmark_config_sweep.toml"", ""entities"": 88000, ""parallel"": null, ""property_fill"": 1.0, ""schema"": ""lubm/lubm_shacl.ttl"", ""seed"": 42}",,
rudof_shacl_high,rudof,16,10.6249,498669,498669,46933.994672891036,46933.994672891036,rudof,rudof 0.3.21,498669,88000,17,72300,15,5.666693181818181,6.897219917012448,0.933393891222891,0.9999999999999999,0.9333333333333333,100.0,0.0,221,221,498669,498669,,,,,,,,,,,,,,,,,,,"{""config"": ""lubm/benchmark_config_sweep.toml"", ""entities"": 88000, ""parallel"": null, ""property_fill"": 1.0, ""schema"": ""lubm/lubm_shacl.ttl"", ""seed"": 42}",,
rudof_shacl_high,rudof,17,10.6937,498669,498669,46632.03568456194,46632.03568456194,rudof,rudof 0.3.21,498669,88000,17,72300,15,5.666693181818181,6.897219917012448,0.9333938912228908,0.9999999999999998,0.9333333333333333,100.0,0.0,221,221,498669,498669,,,,,,,,,,,,,,,,,,,"{""config"": ""lubm/benchmark_config_sweep.toml"", ""entities"": 88000, ""parallel"": null, ""property_fill"": 1.0, ""schema"": ""lubm/lubm_shacl.ttl"", ""seed"": 42}",,
rudof_shacl_high,rudof,18,11.2986,498669,498669,44135.46811109341,44135.46811109341,rudof,rudof 0.3.21,498669,88000,17,72300,15,5.666693181818181,6.897219917012448,0.933393891222891,0.9999999999999999,0.9333333333333333,100.0,0.0,221,221,498669,498669,,,,,,,,,,,,,,,,,,,"{""config"": ""lubm/benchmark_config_sweep.toml"", ""entities"": 88000, ""parallel"": null, ""property_fill"": 1.0, ""schema"": ""lubm/lubm_shacl.ttl"", ""seed"": 42}",,
rudof_shacl_high,rudof,19,11.2102,498669,498669,44483.50609266561,44483.50609266561,rudof,rudof 0.3.21,498669,88000,17,72300,15,5.666693181818181,6.897219917012448,0.9333938912228908,0.9999999999999999,0.9333333333333333,100.0,0.0,221,221,498669,498669,,,,,,,,,,,,,,,,,,,"{""config"": ""lubm/benchmark_config_sweep.toml"", ""entities"": 88000, ""parallel"": null, ""property_fill"": 1.0, ""schema"": ""lubm/lubm_shacl.ttl"", ""seed"": 42}",,
rudof_shacl_high,rudof,20,11.1066,498669,498669,44898.43876613905,44898.43876613905,rudof,rudof 0.3.21,498669,88000,17,72300,15,5.666693181818181,6.897219917012448,0.933393891222891,1.0,0.9333333333333333,100.0,0.0,221,221,498669,498669,,,,,,,,,,,,,,,,,,,"{""config"": ""lubm/benchmark_config_sweep.toml"", ""entities"": 88000, ""parallel"": null, ""property_fill"": 1.0, ""schema"": ""lubm/lubm_shacl.ttl"", ""seed"": 42}",,
rudof_shacl_high,rudof,21,11.0497,498669,498669,45129.64152872929,45129.64152872929,rudof,rudof 0.3.21,498669,88000,17,72300,15,5.666693181818181,6.897219917012448,0.9333938912228908,0.9999999999999999,0.9333333333333333,100.0,0.0,221,221,498669,498669,,,,,,,,,,,,,,,,,,,"{""config"": ""lubm/benchmark_config_sweep.toml"", ""entities"": 88000, ""parallel"": null, ""property_fill"": 1.0, ""schema"": ""lubm/lubm_shacl.ttl"", ""seed"": 42}",,
rudof_shacl_high,rudof,22,10.8796,498669,498669,45835.232912974745,45835.232912974745,rudof,rudof 0.3.21,498669,88000,17,72300,15,5.666693181818181,6.897219917012448,0.9333938912228908,0.9999999999999999,0.9333333333333333,100.0,0.0,221,221,498669,498669,,,,,,,,,,,,,,,,,,,"{""config"": ""lubm/benchmark_config_sweep.toml"", ""entities"": 88000, ""parallel"": null, ""property_fill"": 1.0, ""schema"": ""lubm/lubm_shacl.ttl"", ""seed"": 42}",,
rudof_shacl_high,rudof,23,10.6177,498669,498669,46965.82122305208,46965.82122305208,rudof,rudof 0.3.21,498669,88000,17,72300,15,5.666693181818181,6.897219917012448,0.933393891222891,0.9999999999999998,0.9333333333333333,100.0,0.0,221,221,498669,498669,,,,,,,,,,,,,,,,,,,"{""config"": ""lubm/benchmark_config_sweep.toml"", ""entities"": 88000, ""parallel"": null, ""property_fill"": 1.0, ""schema"": ""lubm/lubm_shacl.ttl"", ""seed"": 42}",,
rudof_shacl_high,rudof,24,10.6275,498669,498669,46922.512350035286,46922.512350035286,rudof,rudof 0.3.21,498669,88000,17,72300,15,5.666693181818181,6.897219917012448,0.9333938912228908,0.9999999999999999,0.9333333333333333,100.0,0.0,221,221,498669,498669,,,,,,,,,,,,,,,,,,,"{""config"": ""lubm/benchmark_config_sweep.toml"", ""entities"": 88000, ""parallel"": null, ""property_fill"": 1.0, ""schema"": ""lubm/lubm_shacl.ttl"", ""seed"": 42}",,
rudof_shacl_high,rudof,25,10.7003,498669,498669,46603.27280543536,46603.27280543536,rudof,rudof 0.3.21,498669,88000,17,72300,15,5.666693181818181,6.897219917012448,0.9333938912228908,1.0,0.9333333333333333,100.0,0.0,221,221,498669,498669,,,,,,,,,,,,,,,,,,,"{""config"": ""lubm/benchmark_config_sweep.toml"", ""entities"": 88000, ""parallel"": null, ""property_fill"": 1.0, ""schema"": ""lubm/lubm_shacl.ttl"", ""seed"": 42}",,
rudof_shacl_high,rudof,26,10.8459,498669,498669,45977.650540757335,45977.650540757335,rudof,rudof 0.3.21,498669,88000,17,72300,15,5.666693181818181,6.897219917012448,0.9333938912228908,0.9999999999999999,0.9333333333333333,100.0,0.0,221,221,498669,498669,,,,,,,,,,,,,,,,,,,"{""config"": ""lubm/benchmark_config_sweep.toml"", ""entities"": 88000, ""parallel"": null, ""property_fill"": 1.0, ""schema"": ""lubm/lubm_shacl.ttl"", ""seed"": 42}",,
rudof_shacl_high,rudof,27,11.0072,498669,498669,45303.89199796497,45303.89199796497,rudof,rudof 0.3.21,498669,88000,17,72300,15,5.666693181818181,6.897219917012448,0.933393891222891,0.9999999999999998,0.9333333333333333,100.0,0.0,221,221,498669,498669,,,,,,,,,,,,,,,,,,,"{""config"": ""lubm/benchmark_config_sweep.toml"", ""entities"": 88000, ""parallel"": null, ""property_fill"": 1.0, ""schema"": ""lubm/lubm_shacl.ttl"", ""seed"": 42}",,
rudof_shacl_high,rudof,28,10.9916,498669,498669,45368.190254376066,45368.190254376066,rudof,rudof 0.3.21,498669,88000,17,72300,15,5.666693181818181,6.897219917012448,0.9333938912228908,0.9999999999999998,0.9333333333333333,100.0,0.0,221,221,498669,498669,,,,,,,,,,,,,,,,,,,"{""config"": ""lubm/benchmark_config_sweep.toml"", ""entities"": 88000, ""parallel"": null, ""property_fill"": 1.0, ""schema"": ""lubm/lubm_shacl.ttl"", ""seed"": 42}",,
rudof_shacl_high,rudof,29,11.0903,498669,498669,44964.42837434515,44964.42837434515,rudof,rudof 0.3.21,498669,88000,17,72300,15,5.666693181818181,6.897219917012448,0.9333938912228908,1.0,0.9333333333333333,100.0,0.0,221,221,498669,498669,,,,,,,,,,,,,,,,,,,"{""config"": ""lubm/benchmark_config_sweep.toml"", ""entities"": 88000, ""parallel"": null, ""property_fill"": 1.0, ""schema"": ""lubm/lubm_shacl.ttl"", ""seed"": 42}",,
rudof_shacl_high,rudof,30,11.4736,498669,498669,43462.29605354902,43462.29605354902,rudof,rudof 0.3.21,498669,88000,17,72300,15,5.666693181818181,6.897219917012448,0.933393891222891,0.9999999999999999,0.9333333333333333,100.0,0.0,221,221,498669,498669,,,,,,,,,,,,,,,,,,,"{""config"": ""lubm/benchmark_config_sweep.toml"", ""entities"": 88000, ""parallel"": null, ""property_fill"": 1.0, ""schema"": ""lubm/lubm_shacl.ttl"", ""seed"": 42}",,
rudof_shacl_low,rudof,1,6.0967,322764,322764,52940.77123689865,52940.77123689865,rudof,rudof 0.3.21,322764,88000,15,36014,15,3.667772727272727,8.962181373910147,0.4567654947991142,0.8150622159090909,0.45664718833397744,100.0,0.0,221,221,322764,322764,,,,,,,,,,,,,,,,,,,"{""config"": ""lubm/benchmark_config_sweep.toml"", ""entities"": 88000, ""parallel"": null, ""property_fill"": 0.1, ""schema"": ""lubm/lubm_shacl.ttl"", ""seed"": 42}",,
rudof_shacl_low,rudof,2,6.306,322861,322861,51199.01680938788,51199.01680938788,rudof,rudof 0.3.21,322861,88000,15,35964,15,3.668875,8.977338449560671,0.45694394848349545,0.8152156565656565,0.45682559955914753,100.0,0.0,221,221,322861,322861,,,,,,,,,,,,,,,,,,,"{""config"": ""lubm/benchmark_config_sweep.toml"", ""entities"": 88000, ""parallel"": null, ""property_fill"": 0.1, ""schema"": ""lubm/lubm_shacl.ttl"", ""seed"": 42}",,
rudof_shacl_low,rudof,3,5.8518,322907,322907,55180.79907037151,55180.79907037151,rudof,rudof 0.3.21,322907,88000,15,35875,15,3.6693977272727274,9.000891986062717,0.45699049994048146,0.8152594696969696,0.45687209395285333,100.0,0.0,221,221,322907,322907,,,,,,,,,,,,,,,,,,,"{""config"": ""lubm/benchmark_config_sweep.toml"", ""entities"": 88000, ""parallel"": null, ""property_fill"": 0.1, ""schema"": ""lubm/lubm_shacl.ttl"", ""seed"": 42}",,
rudof_shacl_low,rudof,4,5.9407,322934,322934,54359.587254027305,54359.587254027305,rudof,rudof 0.3.21,322934,88000,15,35873,15,3.6697045454545454,9.002146461126753,0.4570750010729761,0.8153278724747475,0.4569566144037568,100.0,0.0,221,221,322934,322934,,,,,,,,,,,,,,,,,,,"{""config"": ""lubm/benchmark_config_sweep.toml"", ""entities"": 88000, ""parallel"": null, ""property_fill"": 0.1, ""schema"": ""lubm/lubm_shacl.ttl"", ""seed"": 42}",,
rudof_shacl_low,rudof,5,5.8885,322771,322771,54813.78958987858,54813.78958987858,rudof,rudof 0.3.21,322771,88000,15,35968,15,3.6678522727272727,8.973837855871887,0.4567747999300783,0.815070202020202,0.45665648654749613,100.0,0.0,221,221,322771,322771,,,,,,,,,,,,,,,,,,,"{""config"": ""lubm/benchmark_config_sweep.toml"", ""entities"": 88000, ""parallel"": null, ""property_fill"": 0.1, ""schema"": ""lubm/lubm_shacl.ttl"", ""seed"": 42}",,
rudof_shacl_low,rudof,6,5.8953,322801,322801,54755.65280816922,54755.65280816922,rudof,rudof 0.3.21,322801,88000,15,35860,15,3.668193181818182,9.00170105967652,0.4568257319017248,0.8151145517676769,0.45670740478857996,100.0,0.0,221,221,322801,322801,,,,,,,,,,,,,,,,,,,"{""config"": ""lubm/benchmark_config_sweep.toml"", ""entities"": 88000, ""parallel"": null, ""property_fill"": 0.1, ""schema"": ""lubm/lubm_shacl.ttl"", ""seed"": 42}",,
rudof_shacl_low,rudof,7,6.0437,322853,322853,53419.75941889902,53419.75941889902,rudof,rudof 0.3.21,322853,88000,15,35882,15,3.668784090909091,8.997631124240566,0.45688966151765503,0.8151724747474747,0.45677129924651283,100.0,0.0,221,221,322853,322853,,,,,,,,,,,,,,,,,,,"{""config"": ""lubm/benchmark_config_sweep.toml"", ""entities"": 88000, ""parallel"": null, ""property_fill"": 0.1, ""schema"": ""lubm/lubm_shacl.ttl"", ""seed"": 42}",,
rudof_shacl_low,rudof,8,6.0004,322798,322798,53796.08026131591,53796.08026131591,rudof,rudof 0.3.21,322798,88000,15,35804,15,3.668159090909091,9.015696570215619,0.4568380457840852,0.8151232323232321,0.456719738653679,100.0,0.0,221,221,322798,322798,,,,,,,,,,,,,,,,,,,"{""config"": ""lubm/benchmark_config_sweep.toml"", ""entities"": 88000, ""parallel"": null, ""property_fill"": 0.1, ""schema"": ""lubm/lubm_shacl.ttl"", ""seed"": 42}",,
rudof_shacl_low,rudof,9,5.8069,322789,322789,55587.146325922615,55587.146325922615,rudof,rudof 0.3.21,322789,88000,15,35886,15,3.6680568181818183,8.994844786267626,0.4567941884648326,0.8150880681818181,0.45667584278564033,100.0,0.0,221,221,322789,322789,,,,,,,,,,,,,,,,,,,"{""config"": ""lubm/benchmark_config_sweep.toml"", ""entities"": 88000, ""parallel"": null, ""property_fill"": 0.1, ""schema"": ""lubm/lubm_shacl.ttl"", ""seed"": 42}",,
rudof_shacl_low,rudof,10,6.0498,322799,322799,53356.97047836292,53356.97047836292,rudof,rudof 0.3.21,322799,88000,15,35840,15,3.6681704545454545,9.006668526785715,0.4568207487606474,0.8151102272727272,0.4567024015565224,100.0,0.0,221,221,322799,322799,,,,,,,,,,,,,,,,,,,"{""config"": ""lubm/benchmark_config_sweep.toml"", ""entities"": 88000, ""parallel"": null, ""property_fill"": 0.1, ""schema"": ""lubm/lubm_shacl.ttl"", ""seed"": 42}",,
rudof_shacl_low,rudof,11,6.1424,322912,322912,52570.982026569414,52570.982026569414,rudof,rudof 0.3.21,322912,88000,15,35816,15,3.6694545454545455,9.015858834040651,0.4569773968299642,0.8152497159090909,0.4568589495048106,100.0,0.0,221,221,322912,322912,,,,,,,,,,,,,,,,,,,"{""config"": ""lubm/benchmark_config_sweep.toml"", ""entities"": 88000, ""parallel"": null, ""property_fill"": 0.1, ""schema"": ""lubm/lubm_shacl.ttl"", ""seed"": 42}",,
rudof_shacl_low,rudof,12,6.1971,322859,322859,52098.40086492069,52098.40086492069,rudof,rudof 0.3.21,322859,88000,15,36028,15,3.6688522727272725,8.96133562784501,0.4569043585047913,0.8151841856060604,0.45678598708383106,100.0,0.0,221,221,322859,322859,,,,,,,,,,,,,,,,,,,"{""config"": ""lubm/benchmark_config_sweep.toml"", ""entities"": 88000, ""parallel"": null, ""property_fill"": 0.1, ""schema"": ""lubm/lubm_shacl.ttl"", ""seed"": 42}",,
rudof_shacl_low,rudof,13,6.4655,322813,322813,49928.54380945016,49928.54380945016,rudof,rudof 0.3.21,322813,88000,15,35895,15,3.6683295454545455,8.993258113943446,0.4568554052787587,0.8151396148989898,0.45673707336713426,100.0,0.0,221,221,322813,322813,,,,,,,,,,,,,,,,,,,"{""config"": ""lubm/benchmark_config_sweep.toml"", ""entities"": 88000, ""parallel"": null, ""property_fill"": 0.1, ""schema"": ""lubm/lubm_shacl.ttl"", ""seed"": 42}",,
rudof_shacl_low,rudof,14,5.9949,322645,322645,53819.9135932209,53819.9135932209,rudof,rudof 0.3.21,322645,88000,15,35905,15,3.6664204545454546,8.986074362902103,0.4565929961636338,0.8149095012626262,0.45647478756570764,100.0,0.0,221,221,322645,322645,,,,,,,,,,,,,,,,,,,"{""config"": ""lubm/benchmark_config_sweep.toml"", ""entities"": 88000, ""parallel"": null, ""property_fill"": 0.1, ""schema"": ""lubm/lubm_shacl.ttl"", ""seed"": 42}",,
rudof_shacl_low,rudof,15,6.0508,322811,322811,53350.13551927018,53350.13551927018,rudof,rudof 0.3.21,322811,88000,15,35793,15,3.668306818181818,9.018830497583327,0.4568653418577198,0.8151451073232323,0.45674701834159687,100.0,0.0,221,221,322811,322811,,,,,,,,,,,,,,,,,,,"{""config"": ""lubm/benchmark_config_sweep.toml"", ""entities"": 88000, ""parallel"": null, ""property_fill"": 0.1, ""schema"": ""lubm/lubm_shacl.ttl"", ""seed"": 42}",,
rudof_shacl_low,rudof,16,6.1488,322957,322957,52523.58183710643,52523.58183710643,rudof,rudof 0.3.21,322957,88000,15,35992,15,3.669965909090909,8.97302178261836,0.4570631269443604,0.815321654040404,0.4569446847285998,100.0,0.0,221,221,322957,322957,,,,,,,,,,,,,,,,,,,"{""config"": ""lubm/benchmark_config_sweep.toml"", ""entities"": 88000, ""parallel"": null, ""property_fill"": 0.1, ""schema"": ""lubm/lubm_shacl.ttl"", ""seed"": 42}",,
rudof_shacl_low,rudof,17,5.9314,322930,322930,54444.144721313685,54444.144721313685,rudof,rudof 0.3.21,322930,88000,15,35887,15,3.6696590909090907,8.998523142084878,0.4570524402836018,0.8153094696969697,0.4569340419523157,100.0,0.0,221,221,322930,322930,,,,,,,,,,,,,,,,,,,"{""config"": ""lubm/benchmark_config_sweep.toml"", ""entities"": 88000, ""parallel"": null, ""property_fill"": 0.1, ""schema"": ""lubm/lubm_shacl.ttl"", ""seed"": 42}",,
rudof_shacl_low,rudof,18,6.081,322864,322864,53093.899029764834,53093.899029764834,rudof,rudof 0.3.21,322864,88000,15,35936,15,3.668909090909091,8.984416740872662,0.45690637337687673,0.8151864267676768,0.4567879771438176,100.0,0.0,221,221,322864,322864,,,,,,,,,,,,,,,,,,,"{""config"": ""lubm/benchmark_config_sweep.toml"", ""entities"": 88000, ""parallel"": null, ""property_fill"": 0.1, ""schema"": ""lubm/lubm_shacl.ttl"", ""seed"": 42}",,
rudof_shacl_low,rudof,19,6.0807,322808,322808,53087.30902692124,53087.30902692124,rudof,rudof 0.3.21,322808,88000,15,35865,15,3.6682727272727274,9.000641293740415,0.45686587678756313,0.8151451073232322,0.45674756275712575,100.0,0.0,221,221,322808,322808,,,,,,,,,,,,,,,,,,,"{""config"": ""lubm/benchmark_config_sweep.toml"", ""entities"": 88000, ""parallel"": null, ""property_fill"": 0.1, ""schema"": ""lubm/lubm_shacl.ttl"", ""seed"": 42}",,
rudof_shacl_low,rudof,20,5.7633,322850,322850,56018.25343119393,56018.25343119393,rudof,rudof 0.3.21,322850,88000,15,35861,15,3.66875,9.002816430105128,0.4569182063555827,0.8151923926767676,0.45679986084682506,100.0,0.0,221,221,322850,322850,,,,,,,,,,,,,,,,,,,"{""config"": ""lubm/benchmark_config_sweep.toml"", ""entities"": 88000, ""parallel"": null, ""property_fill"": 0.1, ""schema"": ""lubm/lubm_shacl.ttl"", ""seed"": 42}",,
rudof_shacl_low,rudof,21,6.041,322878,322878,53447.77354742592,53447.77354742592,rudof,rudof 0.3.21,322878,88000,15,35824,15,3.6690681818181816,9.012896382313533,0.4569459640727654,0.8152196022727273,0.4568275845419504,100.0,0.0,221,221,322878,322878,,,,,,,,,,,,,,,,,,,"{""config"": ""lubm/benchmark_config_sweep.toml"", ""entities"": 88000, ""parallel"": null, ""property_fill"": 0.1, ""schema"": ""lubm/lubm_shacl.ttl"", ""seed"": 42}",,
rudof_shacl_low,rudof,22,5.9483,322783,322783,54264.7479111679,54264.7479111679,rudof,rudof 0.3.21,322783,88000,15,35836,15,3.6679886363636363,9.007227369126019,0.45680010238783836,0.8150917929292929,0.456681781691532,100.0,0.0,221,221,322783,322783,,,,,,,,,,,,,,,,,,,"{""config"": ""lubm/benchmark_config_sweep.toml"", ""entities"": 88000, ""parallel"": null, ""property_fill"": 0.1, ""schema"": ""lubm/lubm_shacl.ttl"", ""seed"": 42}",,
rudof_shacl_low,rudof,23,6.1346,322741,322741,52609.95011899716,52609.95011899716,rudof,rudof 0.3.21,322741,88000,15,35923,15,3.6675113636363634,8.984244077610445,0.4567136526062708,0.8150180239898991,0.45659533205918756,100.0,0.0,221,221,322741,322741,,,,,,,,,,,,,,,,,,,"{""config"": ""lubm/benchmark_config_sweep.toml"", ""entities"": 88000, ""parallel"": null, ""property_fill"": 0.1, ""schema"": ""lubm/lubm_shacl.ttl"", ""seed"": 42}",,
rudof_shacl_low,rudof,24,6.0892,322791,322791,53010.41187676542,53010.41187676542,rudof,rudof 0.3.21,322791,88000,15,35731,15,3.6680795454545456,9.033920125381321,0.45679079024400204,0.815085606060606,0.45667245091946806,100.0,0.0,221,221,322791,322791,,,,,,,,,,,,,,,,,,,"{""config"": ""lubm/benchmark_config_sweep.toml"", ""entities"": 88000, ""parallel"": null, ""property_fill"": 0.1, ""schema"": ""lubm/lubm_shacl.ttl"", ""seed"": 42}",,
rudof_shacl_low,rudof,25,6.1369,322680,322680,52580.29298179863,52580.29298179863,rudof,rudof 0.3.21,322680,88000,15,35843,15,3.666818181818182,9.002594648885417,0.45665658192555836,0.8149635101010102,0.45653835348796307,100.0,0.0,221,221,322680,322680,,,,,,,,,,,,,,,,,,,"{""config"": ""lubm/benchmark_config_sweep.toml"", ""entities"": 88000, ""parallel"": null, ""property_fill"": 0.1, ""schema"": ""lubm/lubm_shacl.ttl"", ""seed"": 42}",,
rudof_shacl_low,rudof,26,6.109,322903,322903,52856.9323948273,52856.9323948273,rudof,rudof 0.3.21,322903,88000,15,35857,15,3.6693522727272727,9.005298825891737,0.45697967301686504,0.8152496843434343,0.4568612465579958,100.0,0.0,221,221,322903,322903,,,,,,,,,,,,,,,,,,,"{""config"": ""lubm/benchmark_config_sweep.toml"", ""entities"": 88000, ""parallel"": null, ""property_fill"": 0.1, ""schema"": ""lubm/lubm_shacl.ttl"", ""seed"": 42}",,
rudof_shacl_low,rudof,27,6.1001,322805,322805,52917.98495106637,52917.98495106637,rudof,rudof 0.3.21,322805,88000,15,35954,15,3.6682386363636366,8.978277799410357,0.4568763702184342,0.8151529671717173,0.4567580828854096,100.0,0.0,221,221,322805,322805,,,,,,,,,,,,,,,,,,,"{""config"": ""lubm/benchmark_config_sweep.toml"", ""entities"": 88000, ""parallel"": null, ""property_fill"": 0.1, ""schema"": ""lubm/lubm_shacl.ttl"", ""seed"": 42}",,
rudof_shacl_low,rudof,28,6.1024,322930,322930,52918.523859465124,52918.523859465124,rudof,rudof 0.3.21,322930,88000,15,36074,15,3.6696590909090907,8.951876697898763,0.4570154181401443,0.8152822916666667,0.45689698355251906,100.0,0.0,221,221,322930,322930,,,,,,,,,,,,,,,,,,,"{""config"": ""lubm/benchmark_config_sweep.toml"", ""entities"": 88000, ""parallel"": null, ""property_fill"": 0.1, ""schema"": ""lubm/lubm_shacl.ttl"", ""seed"": 42}",,
rudof_shacl_low,rudof,29,6.0681,322876,322876,53208.74738385985,53208.74738385985,rudof,rudof 0.3.21,322876,88000,15,36009,15,3.6690454545454547,8.966536143741843,0.4569306214179065,0.8152079861111111,0.45681222302654345,100.0,0.0,221,221,322876,322876,,,,,,,,,,,,,,,,,,,"{""config"": ""lubm/benchmark_config_sweep.toml"", ""entities"": 88000, ""parallel"": null, ""property_fill"": 0.1, ""schema"": ""lubm/lubm_shacl.ttl"", ""seed"": 42}",,
rudof_shacl_low,rudof,30,5.8912,322859,322859,54803.60537751222,54803.60537751222,rudof,rudof 0.3.21,322859,88000,15,35928,15,3.6688522727272725,8.986278111779114,0.4568841891903694,0.815169412878788,0.45676579927371963,100.0,0.0,221,221,322859,322859,,,,,,,,,,,,,,,,,,,"{""config"": ""lubm/benchmark_config_sweep.toml"", ""entities"": 88000, ""parallel"": null, ""property_fill"": 0.1, ""schema"": ""lubm/lubm_shacl.ttl"", ""seed"": 42}",,
rdfgraphgen,rdfgraphgen,1,21.08,,460000,,21821.631878557877,rdf-graph-gen,,460000,121900,18,213874,15,3.7735849056603774,2.1507990686104903,0.997939787622455,0.9981481481481481,0.9962962962962963,,,,,,,,,,,,,,,,,,,,,,,,,"{""scale_factor"": 2300, ""shape"": ""lubm/lubm_shacl.ttl""}",,
rdfgraphgen,rdfgraphgen,2,21.0698,,460000,,21832.19584428898,rdf-graph-gen,,460000,121900,18,213863,15,3.7735849056603774,2.1509096945240644,0.997939787622455,0.9981481481481481,0.9962962962962963,,,,,,,,,,,,,,,,,,,,,,,,,"{""scale_factor"": 2300, ""shape"": ""lubm/lubm_shacl.ttl""}",,
rdfgraphgen,rdfgraphgen,3,21.6602,,460000,,21237.107690603043,rdf-graph-gen,,460000,121900,18,213863,15,3.7735849056603774,2.1509096945240644,0.9979397876224549,0.998148148148148,0.9962962962962963,,,,,,,,,,,,,,,,,,,,,,,,,"{""scale_factor"": 2300, ""shape"": ""lubm/lubm_shacl.ttl""}",,
rdfgraphgen,rdfgraphgen,4,21.9861,,460000,,20922.31000495768,rdf-graph-gen,,460000,121900,18,213861,15,3.7735849056603774,2.150929809549193,0.9979397876224549,0.998148148148148,0.9962962962962963,,,,,,,,,,,,,,,,,,,,,,,,,"{""scale_factor"": 2300, ""shape"": ""lubm/lubm_shacl.ttl""}",,
rdfgraphgen,rdfgraphgen,5,21.829,,460000,,21072.884694672226,rdf-graph-gen,,460000,121900,18,213862,15,3.7735849056603774,2.150919751989601,0.9979397876224549,0.998148148148148,0.9962962962962963,,,,,,,,,,,,,,,,,,,,,,,,,"{""scale_factor"": 2300, ""shape"": ""lubm/lubm_shacl.ttl""}",,
rdfgraphgen,rdfgraphgen,6,21.635,,460000,,21261.844233880285,rdf-graph-gen,,460000,121900,18,213854,15,3.7735849056603774,2.1510002151000216,0.997939787622455,0.9981481481481481,0.9962962962962963,,,,,,,,,,,,,,,,,,,,,,,,,"{""scale_factor"": 2300, ""shape"": ""lubm/lubm_shacl.ttl""}",,
rdfgraphgen,rdfgraphgen,7,22.2264,,460000,,20696.10913148328,rdf-graph-gen,,460000,121900,18,213868,15,3.7735849056603774,2.1508594086071784,0.997939787622455,0.9981481481481481,0.9962962962962963,,,,,,,,,,,,,,,,,,,,,,,,,"{""scale_factor"": 2300, ""shape"": ""lubm/lubm_shacl.ttl""}",,
rdfgraphgen,rdfgraphgen,8,20.7915,,460000,,22124.425847100978,rdf-graph-gen,,460000,121900,18,213875,15,3.7735849056603774,2.150789012273524,0.997939787622455,0.9981481481481481,0.9962962962962963,,,,,,,,,,,,,,,,,,,,,,,,,"{""scale_factor"": 2300, ""shape"": ""lubm/lubm_shacl.ttl""}",,
rdfgraphgen,rdfgraphgen,9,22.0039,,460000,,20905.38495448534,rdf-graph-gen,,460000,121900,18,213878,15,3.7735849056603774,2.150758843826855,0.9979397876224549,0.9981481481481481,0.9962962962962963,,,,,,,,,,,,,,,,,,,,,,,,,"{""scale_factor"": 2300, ""shape"": ""lubm/lubm_shacl.ttl""}",,
rdfgraphgen,rdfgraphgen,10,21.9391,,460000,,20967.131741958423,rdf-graph-gen,,460000,121900,18,213860,15,3.7735849056603774,2.150939867202843,0.997939787622455,0.998148148148148,0.9962962962962963,,,,,,,,,,,,,,,,,,,,,,,,,"{""scale_factor"": 2300, ""shape"": ""lubm/lubm_shacl.ttl""}",,
rdfgraphgen,rdfgraphgen,11,21.0562,,460000,,21846.297052649574,rdf-graph-gen,,460000,121900,18,213853,15,3.7735849056603774,2.15101027341211,0.9979397876224549,0.998148148148148,0.9962962962962963,,,,,,,,,,,,,,,,,,,,,,,,,"{""scale_factor"": 2300, ""shape"": ""lubm/lubm_shacl.ttl""}",,
rdfgraphgen,rdfgraphgen,12,22.5886,,460000,,20364.254535473647,rdf-graph-gen,,460000,121900,18,213859,15,3.7735849056603774,2.1509499249505515,0.9979397876224549,0.998148148148148,0.9962962962962963,,,,,,,,,,,,,,,,,,,,,,,,,"{""scale_factor"": 2300, ""shape"": ""lubm/lubm_shacl.ttl""}",,
rdfgraphgen,rdfgraphgen,13,21.7218,,460000,,21176.882210498206,rdf-graph-gen,,460000,121900,18,213847,15,3.7735849056603774,2.151070625260116,0.9979397876224549,0.998148148148148,0.9962962962962963,,,,,,,,,,,,,,,,,,,,,,,,,"{""scale_factor"": 2300, ""shape"": ""lubm/lubm_shacl.ttl""}",,
rdfgraphgen,rdfgraphgen,14,21.6347,,460000,,21262.139063633887,rdf-graph-gen,,460000,121900,18,213866,15,3.7735849056603774,2.150879522691779,0.9979397876224549,0.998148148148148,0.9962962962962963,,,,,,,,,,,,,,,,,,,,,,,,,"{""scale_factor"": 2300, ""shape"": ""lubm/lubm_shacl.ttl""}",,
rdfgraphgen,rdfgraphgen,15,21.6121,,460000,,21284.37310580647,rdf-graph-gen,,460000,121900,18,213858,15,3.7735849056603774,2.1509599827923203,0.9979397876224549,0.998148148148148,0.9962962962962963,,,,,,,,,,,,,,,,,,,,,,,,,"{""scale_factor"": 2300, ""shape"": ""lubm/lubm_shacl.ttl""}",,
rdfgraphgen,rdfgraphgen,16,21.7972,,460000,,21103.627988916007,rdf-graph-gen,,460000,121900,18,213850,15,3.7735849056603774,2.1510404489127892,0.997939787622455,0.998148148148148,0.9962962962962963,,,,,,,,,,,,,,,,,,,,,,,,,"{""scale_factor"": 2300, ""shape"": ""lubm/lubm_shacl.ttl""}",,
rdfgraphgen,rdfgraphgen,17,21.37,,460000,,21525.503041647167,rdf-graph-gen,,460000,121900,18,213869,15,3.7735849056603774,2.150849351705951,0.997939787622455,0.9981481481481481,0.9962962962962963,,,,,,,,,,,,,,,,,,,,,,,,,"{""scale_factor"": 2300, ""shape"": ""lubm/lubm_shacl.ttl""}",,
rdfgraphgen,rdfgraphgen,18,20.872,,460000,,22039.095438865465,rdf-graph-gen,,460000,121900,18,213866,15,3.7735849056603774,2.150879522691779,0.9979397876224549,0.998148148148148,0.9962962962962963,,,,,,,,,,,,,,,,,,,,,,,,,"{""scale_factor"": 2300, ""shape"": ""lubm/lubm_shacl.ttl""}",,
rdfgraphgen,rdfgraphgen,19,21.4999,,460000,,21395.44835092256,rdf-graph-gen,,460000,121900,18,213861,15,3.7735849056603774,2.150929809549193,0.997939787622455,0.9981481481481481,0.9962962962962963,,,,,,,,,,,,,,,,,,,,,,,,,"{""scale_factor"": 2300, ""shape"": ""lubm/lubm_shacl.ttl""}",,
rdfgraphgen,rdfgraphgen,20,21.529,,460000,,21366.52886803846,rdf-graph-gen,,460000,121900,18,213865,15,3.7735849056603774,2.150889579875155,0.997939787622455,0.998148148148148,0.9962962962962963,,,,,,,,,,,,,,,,,,,,,,,,,"{""scale_factor"": 2300, ""shape"": ""lubm/lubm_shacl.ttl""}",,
rdfgraphgen,rdfgraphgen,21,21.2222,,460000,,21675.415366927085,rdf-graph-gen,,460000,121900,18,213846,15,3.7735849056603774,2.151080684230708,0.997939787622455,0.998148148148148,0.9962962962962963,,,,,,,,,,,,,,,,,,,,,,,,,"{""scale_factor"": 2300, ""shape"": ""lubm/lubm_shacl.ttl""}",,
rdfgraphgen,rdfgraphgen,22,22.6001,,460000,,20353.89223941487,rdf-graph-gen,,460000,121900,18,213868,15,3.7735849056603774,2.1508594086071784,0.997939787622455,0.998148148148148,0.9962962962962963,,,,,,,,,,,,,,,,,,,,,,,,,"{""scale_factor"": 2300, ""shape"": ""lubm/lubm_shacl.ttl""}",,
rdfgraphgen,rdfgraphgen,23,22.1634,,460000,,20754.93832173764,rdf-graph-gen,,460000,121900,18,213860,15,3.7735849056603774,2.150939867202843,0.997939787622455,0.998148148148148,0.9962962962962963,,,,,,,,,,,,,,,,,,,,,,,,,"{""scale_factor"": 2300, ""shape"": ""lubm/lubm_shacl.ttl""}",,
rdfgraphgen,rdfgraphgen,24,21.3821,,460000,,21513.321890740386,rdf-graph-gen,,460000,121900,18,213860,15,3.7735849056603774,2.150939867202843,0.997939787622455,0.998148148148148,0.9962962962962963,,,,,,,,,,,,,,,,,,,,,,,,,"{""scale_factor"": 2300, ""shape"": ""lubm/lubm_shacl.ttl""}",,
rdfgraphgen,rdfgraphgen,25,22.022,,460000,,20888.202706384527,rdf-graph-gen,,460000,121900,18,213860,15,3.7735849056603774,2.150939867202843,0.997939787622455,0.998148148148148,0.9962962962962963,,,,,,,,,,,,,,,,,,,,,,,,,"{""scale_factor"": 2300, ""shape"": ""lubm/lubm_shacl.ttl""}",,
rdfgraphgen,rdfgraphgen,26,21.6347,,460000,,21262.139063633887,rdf-graph-gen,,460000,121900,18,213852,15,3.7735849056603774,2.151020331818267,0.9979397876224549,0.9981481481481481,0.9962962962962963,,,,,,,,,,,,,,,,,,,,,,,,,"{""scale_factor"": 2300, ""shape"": ""lubm/lubm_shacl.ttl""}",,
rdfgraphgen,rdfgraphgen,27,21.4313,,460000,,21463.933592455895,rdf-graph-gen,,460000,121900,18,213847,15,3.7735849056603774,2.151070625260116,0.9979397876224549,0.9981481481481481,0.9962962962962963,,,,,,,,,,,,,,,,,,,,,,,,,"{""scale_factor"": 2300, ""shape"": ""lubm/lubm_shacl.ttl""}",,
rdfgraphgen,rdfgraphgen,28,20.9194,,460000,,21989.158388863925,rdf-graph-gen,,460000,121900,18,213863,15,3.7735849056603774,2.1509096945240644,0.9979397876224549,0.998148148148148,0.9962962962962963,,,,,,,,,,,,,,,,,,,,,,,,,"{""scale_factor"": 2300, ""shape"": ""lubm/lubm_shacl.ttl""}",,
rdfgraphgen,rdfgraphgen,29,21.6545,,460000,,21242.697822623475,rdf-graph-gen,,460000,121900,18,213858,15,3.7735849056603774,2.1509599827923203,0.9979397876224549,0.998148148148148,0.9962962962962963,,,,,,,,,,,,,,,,,,,,,,,,,"{""scale_factor"": 2300, ""shape"": ""lubm/lubm_shacl.ttl""}",,
rdfgraphgen,rdfgraphgen,30,22.4224,,460000,,20515.199086627657,rdf-graph-gen,,460000,121900,18,213858,15,3.7735849056603774,2.1509599827923203,0.9979397876224549,0.998148148148148,0.9962962962962963,,,,,,,,,,,,,,,,,,,,,,,,,"{""scale_factor"": 2300, ""shape"": ""lubm/lubm_shacl.ttl""}",,
gaia_high,gaia,1,23.5354,,16949828,,720184.4030694189,GAIA OWLGenerator,3.1,16949828,4730095,32,1439677,50,3.5834011790460867,11.77335471775961,0.06516136052482967,0.39055150344038847,0.18745517433830475,,,,,,,,,,,,,,,,,,,,,,,,,"{""instances"": 110000, ""limit"": null, ""materialization"": true, ""threads"": 2}",GAIA does not report a triple count; use the measured value,
gaia_high,gaia,2,20.9898,,16950706,,807568.7238563494,GAIA OWLGenerator,3.1,16950706,4730095,32,1440555,50,3.5835867989966377,11.766788494712108,0.06525373280495739,0.3906088238172252,0.18750366877483907,,,,,,,,,,,,,,,,,,,,,,,,,"{""instances"": 110000, ""limit"": null, ""materialization"": true, ""threads"": 2}",GAIA does not report a triple count; use the measured value,
gaia_high,gaia,3,20.0028,,16949516,,847357.1699962005,GAIA OWLGenerator,3.1,16949516,4730095,32,1439365,50,3.5833352184258453,11.775689974398432,0.06516350037591108,0.39055200897292675,0.18745546474546124,,,,,,,,,,,,,,,,,,,,,,,,,"{""instances"": 110000, ""limit"": null, ""materialization"": true, ""threads"": 2}",GAIA does not report a triple count; use the measured value,
gaia_high,gaia,4,20.4969,,16947615,,826837.9608623743,GAIA OWLGenerator,3.1,16947615,4730095,32,1437464,50,3.5829333237493115,11.789940478509374,0.06521738217250218,0.3905604793293638,0.18740643426601086,,,,,,,,,,,,,,,,,,,,,,,,,"{""instances"": 110000, ""limit"": null, ""materialization"": true, ""threads"": 2}",GAIA does not report a triple count; use the measured value,
gaia_high,gaia,5,19.6203,,16949164,,863858.5546602244,GAIA OWLGenerator,3.1,16949164,4730095,32,1439013,50,3.58326080131583,11.778325838612993,0.06519578367809718,0.3905623718849903,0.1874886402213881,,,,,,,,,,,,,,,,,,,,,,,,,"{""instances"": 110000, ""limit"": null, ""materialization"": true, ""threads"": 2}",GAIA does not report a triple count; use the measured value,
gaia_high,gaia,6,19.0743,,16950233,,888642.4665649591,GAIA OWLGenerator,3.1,16950233,4730095,32,1440082,50,3.583486801005054,11.770324884277423,0.06511950180214311,0.39053299399710945,0.18749796857900314,,,,,,,,,,,,,,,,,,,,,,,,,"{""instances"": 110000, ""limit"": null, ""materialization"": true, ""threads"": 2}",GAIA does not report a triple count; use the measured value,
gaia_high,gaia,7,20.2295,,16950293,,837899.7503645666,GAIA OWLGenerator,3.1,16950293,4730095,32,1440142,50,3.5834994857397158,11.769876164989286,0.06527255703861434,0.39061089282851175,0.18753641671796273,,,,,,,,,,,,,,,,,,,,,,,,,"{""instances"": 110000, ""limit"": null, ""materialization"": true, ""threads"": 2}",GAIA does not report a triple count; use the measured value,
gaia_high,gaia,8,19.9309,,16949270,,850401.6376581087,GAIA OWLGenerator,3.1,16949270,4730095,32,1439119,50,3.5832832110137325,11.777531948365633,0.06526502927849791,0.3906000252928506,0.1875350673478976,,,,,,,,,,,,,,,,,,,,,,,,,"{""instances"": 110000, ""limit"": null, ""materialization"": true, ""threads"": 2}",GAIA does not report a triple count; use the measured value,
gaia_high,gaia,9,20.1404,,16950098,,841596.8898333698,GAIA OWLGenerator,3.1,16950098,4730095,32,1439947,50,3.5834582603520646,11.771334639399923,0.0652066264934745,0.39057011129163166,0.18745008847444544,,,,,,,,,,,,,,,,,,,,,,,,,"{""instances"": 110000, ""limit"": null, ""materialization"": true, ""threads"": 2}",GAIA does not report a triple count; use the measured value,
gaia_high,gaia,10,20.3734,,16951071,,832019.7414275476,GAIA OWLGenerator,3.1,16951071,4730095,32,1440920,50,3.58366396446583,11.764061155372957,0.06516479690501674,0.390559148519199,0.18744476289568682,,,,,,,,,,,,,,,,,,,,,,,,,"{""instances"": 110000, ""limit"": null, ""materialization"": true, ""threads"": 2}",GAIA does not report a triple count; use the measured value,
gaia_high,gaia,11,22.0011,,16948912,,770366.5725804619,GAIA OWLGenerator,3.1,16948912,4730095,32,1438761,50,3.5832075254302502,11.780213669956302,0.06519864422809106,0.39055804666106086,0.1874649993611962,,,,,,,,,,,,,,,,,,,,,,,,,"{""instances"": 110000, ""limit"": null, ""materialization"": true, ""threads"": 2}",GAIA does not report a triple count; use the measured value,
gaia_high,gaia,12,20.6268,,16950215,,821756.8890957396,GAIA OWLGenerator,3.1,16950215,4730095,32,1440064,50,3.583482995584655,11.770459507355229,0.06527457291516409,0.39061794980258413,0.18756723615030224,,,,,,,,,,,,,,,,,,,,,,,,,"{""instances"": 110000, ""limit"": null, ""materialization"": true, ""threads"": 2}",GAIA does not report a triple count; use the measured value,
gaia_high,gaia,13,20.0599,,16950398,,844989.1574733673,GAIA OWLGenerator,3.1,16950398,4730095,32,1440247,50,3.583521684025374,11.76909099619718,0.06526233704326824,0.3906113247368648,0.1875069362193362,,,,,,,,,,,,,,,,,,,,,,,,,"{""instances"": 110000, ""limit"": null, ""materialization"": true, ""threads"": 2}",GAIA does not report a triple count; use the measured value,
gaia_high,gaia,14,20.3316,,16948915,,833624.2597729642,GAIA OWLGenerator,3.1,16948915,4730095,32,1438764,50,3.5832081596669836,11.780191191884144,0.06520557070975151,0.3905644528336959,0.18746554808694443,,,,,,,,,,,,,,,,,,,,,,,,,"{""instances"": 110000, ""limit"": null, ""materialization"": true, ""threads"": 2}",GAIA does not report a triple count; use the measured value,
gaia_high,gaia,15,19.807,,16950209,,855768.6171555511,GAIA OWLGenerator,3.1,16950209,4730095,32,1440058,50,3.583481727111189,11.770504382462374,0.06517314246546892,0.3905687306513258,0.1875562422856951,,,,,,,,,,,,,,,,,,,,,,,,,"{""instances"": 110000, ""limit"": null, ""materialization"": true, ""threads"": 2}",GAIA does not report a triple count; use the measured value,
gaia_high,gaia,16,19.672,,16950608,,861661.6510776738,GAIA OWLGenerator,3.1,16950608,4730095,32,1440457,50,3.58356608059669,11.767521002015332,0.06525459021138214,0.39060642041680815,0.1874906378998816,,,,,,,,,,,,,,,,,,,,,,,,,"{""instances"": 110000, ""limit"": null, ""materialization"": true, ""threads"": 2}",GAIA does not report a triple count; use the measured value,
gaia_high,gaia,17,20.8828,,16948394,,811595.8587928822,GAIA OWLGenerator,3.1,16948394,4730095,32,1438243,50,3.5830980138876702,11.78409628970904,0.06509938924335201,0.3904989909147177,0.18731447539107257,,,,,,,,,,,,,,,,,,,,,,,,,"{""instances"": 110000, ""limit"": null, ""materialization"": true, ""threads"": 2}",GAIA does not report a triple count; use the measured value,
gaia_high,gaia,18,18.9237,,16950243,,895715.055723775,GAIA OWLGenerator,3.1,16950243,4730095,32,1440092,50,3.5834889151274973,11.77025009513281,0.06524127422272528,0.39059410071731876,0.18752124925213212,,,,,,,,,,,,,,,,,,,,,,,,,"{""instances"": 110000, ""limit"": null, ""materialization"": true, ""threads"": 2}",GAIA does not report a triple count; use the measured value,
gaia_high,gaia,19,18.7704,,16949788,,903006.2225631847,GAIA OWLGenerator,3.1,16949788,4730095,32,1439637,50,3.5833927225563125,11.773654053070322,0.06513320134353909,0.39053464624905204,0.18747430866496,,,,,,,,,,,,,,,,,,,,,,,,,"{""instances"": 110000, ""limit"": null, ""materialization"": true, ""threads"": 2}",GAIA does not report a triple count; use the measured value,
gaia_high,gaia,20,18.6093,,16950284,,910850.1663146921,GAIA OWLGenerator,3.1,16950284,4730095,32,1440133,50,3.583497583029516,11.769943470498905,0.06521123291244045,0.39057854997653996,0.18753522483880095,,,,,,,,,,,,,,,,,,,,,,,,,"{""instances"": 110000, ""limit"": null, ""materialization"": true, ""threads"": 2}",GAIA does not report a triple count; use the measured value,
gaia_high,gaia,21,19.2325,,16948113,,881222.5659690627,GAIA OWLGenerator,3.1,16948113,4730095,32,1437962,50,3.5830386070470044,11.786203668803488,0.06521177574996884,0.3905635182004211,0.18745325081690184,,,,,,,,,,,,,,,,,,,,,,,,,"{""instances"": 110000, ""limit"": null, ""materialization"": true, ""threads"": 2}",GAIA does not report a triple count; use the measured value,
gaia_high,gaia,22,19.0582,,16948703,,889312.894187279,GAIA OWLGenerator,3.1,16948703,4730095,32,1438552,50,3.5831633402711787,11.781779873094612,0.06512827476459417,0.390530426765207,0.1874117371239687,,,,,,,,,,,,,,,,,,,,,,,,,"{""instances"": 110000, ""limit"": null, ""materialization"": true, ""threads"": 2}",GAIA does not report a triple count; use the measured value,
gaia_high,gaia,23,19.6911,,16949859,,860787.8178466414,GAIA OWLGenerator,3.1,16949859,4730095,32,1439708,50,3.583407732825662,11.773122744334268,0.065254557069404,0.39059277962271877,0.18747228523823906,,,,,,,,,,,,,,,,,,,,,,,,,"{""instances"": 110000, ""limit"": null, ""materialization"": true, ""threads"": 2}",GAIA does not report a triple count; use the measured value,
gaia_high,gaia,24,19.5938,,16949897,,865064.3060559973,GAIA OWLGenerator,3.1,16949897,4730095,32,1439746,50,3.583415766490948,11.772838403440607,0.06522528896591881,0.39057918478062376,0.18745872078808973,,,,,,,,,,,,,,,,,,,,,,,,,"{""instances"": 110000, ""limit"": null, ""materialization"": true, ""threads"": 2}",GAIA does not report a triple count; use the measured value,
gaia_high,gaia,25,19.5174,,16949961,,868453.8411878631,GAIA OWLGenerator,3.1,16949961,4730095,32,1439810,50,3.583429296874587,11.772359547440287,0.06525506155742043,0.3905959683679741,0.18746740081905913,,,,,,,,,,,,,,,,,,,,,,,,,"{""instances"": 110000, ""limit"": null, ""materialization"": true, ""threads"": 2}",GAIA does not report a triple count; use the measured value,
gaia_high,gaia,26,19.0089,,16950560,,891717.0378086055,GAIA OWLGenerator,3.1,16950560,4730095,32,1440409,50,3.5835559328089603,11.767879817468511,0.06524202490768227,0.3905952846426901,0.18744591366824392,,,,,,,,,,,,,,,,,,,,,,,,,"{""instances"": 110000, ""limit"": null, ""materialization"": true, ""threads"": 2}",GAIA does not report a triple count; use the measured value,
gaia_high,gaia,27,19.17,,16948547,,884118.257694314,GAIA OWLGenerator,3.1,16948547,4730095,32,1438396,50,3.583130359961058,11.782949201749727,0.06521251140033003,0.3905694150835639,0.18748230221004542,,,,,,,,,,,,,,,,,,,,,,,,,"{""instances"": 110000, ""limit"": null, ""materialization"": true, ""threads"": 2}",GAIA does not report a triple count; use the measured value,
gaia_high,gaia,28,19.6371,,16950835,,863204.5974201893,GAIA OWLGenerator,3.1,16950835,4730095,32,1440684,50,3.5836140711761604,11.76582442784122,0.06520318314145647,0.39057801192412894,0.1874767987377333,,,,,,,,,,,,,,,,,,,,,,,,,"{""instances"": 110000, ""limit"": null, ""materialization"": true, ""threads"": 2}",GAIA does not report a triple count; use the measured value,
gaia_high,gaia,29,19.8496,,16949645,,853903.6051104305,GAIA OWLGenerator,3.1,16949645,4730095,32,1439494,50,3.5833624906053685,11.77472431284882,0.06528796459548086,0.3906145537784848,0.18755868605034684,,,,,,,,,,,,,,,,,,,,,,,,,"{""instances"": 110000, ""limit"": null, ""materialization"": true, ""threads"": 2}",GAIA does not report a triple count; use the measured value,
gaia_high,gaia,30,19.4393,,16948239,,871854.3877608762,GAIA OWLGenerator,3.1,16948239,4730095,32,1438088,50,3.583065244989794,11.78525862116922,0.06518011944144521,0.3905404687202614,0.1873964869705599,,,,,,,,,,,,,,,,,,,,,,,,,"{""instances"": 110000, ""limit"": null, ""materialization"": true, ""threads"": 2}",GAIA does not report a triple count; use the measured value,
gaia_low,gaia,1,17.0129,,10899161,,640640.9841943467,GAIA OWLGenerator,3.1,10899161,4730095,32,1439010,50,2.304216088683208,7.574068977977915,0.06212030467779077,0.32418829804559046,0.1927204456391154,,,,,,,,,,,,,,,,,,,,,,,,,"{""instances"": 110000, ""limit"": null, ""materialization"": false, ""threads"": 2}",GAIA does not report a triple count; use the measured value,
gaia_low,gaia,2,16.9246,,10899376,,643996.0767167318,GAIA OWLGenerator,3.1,10899376,4730095,32,1439225,50,2.3042615423157464,7.57308690441036,0.06213907944124581,0.3242005079018309,0.1927506173562871,,,,,,,,,,,,,,,,,,,,,,,,,"{""instances"": 110000, ""limit"": null, ""materialization"": false, ""threads"": 2}",GAIA does not report a triple count; use the measured value,
gaia_low,gaia,3,17.1669,,10899518,,634914.7487315707,GAIA OWLGenerator,3.1,10899518,4730095,32,1439367,50,2.304291562854446,7.572438439953118,0.062145519422530805,0.3242056835196635,0.1927602931373536,,,,,,,,,,,,,,,,,,,,,,,,,"{""instances"": 110000, ""limit"": null, ""materialization"": false, ""threads"": 2}",GAIA does not report a triple count; use the measured value,
gaia_low,gaia,4,16.7625,,10897979,,650140.43251305,GAIA OWLGenerator,3.1,10897979,4730095,32,1437828,50,2.3039661994103713,7.5794733445168685,0.062118622790839156,0.32417789759906745,0.19272921646363972,,,,,,,,,,,,,,,,,,,,,,,,,"{""instances"": 110000, ""limit"": null, ""materialization"": false, ""threads"": 2}",GAIA does not report a triple count; use the measured value,
gaia_low,gaia,5,16.6189,,10900450,,655906.8289718332,GAIA OWLGenerator,3.1,10900450,4730095,32,1440299,50,2.3044885990661923,7.568185494817396,0.062166828310397944,0.32422498192508376,0.1927877484345112,,,,,,,,,,,,,,,,,,,,,,,,,"{""instances"": 110000, ""limit"": null, ""materialization"": false, ""threads"": 2}",GAIA does not report a triple count; use the measured value,
gaia_low,gaia,6,16.923,,10897550,,643949.0634048338,GAIA OWLGenerator,3.1,10897550,4730095,32,1437399,50,2.3038755035575393,7.5814370261841,0.06208749901243998,0.32415698311702984,0.19267991568844592,,,,,,,,,,,,,,,,,,,,,,,,,"{""instances"": 110000, ""limit"": null, ""materialization"": false, ""threads"": 2}",GAIA does not report a triple count; use the measured value,
gaia_low,gaia,7,17.0542,,10898891,,639073.7179111303,GAIA OWLGenerator,3.1,10898891,4730095,32,1438740,50,2.3041590073772302,7.5753026954140426,0.062133063121013916,0.3241933547758194,0.19274505494144098,,,,,,,,,,,,,,,,,,,,,,,,,"{""instances"": 110000, ""limit"": null, ""materialization"": false, ""threads"": 2}",GAIA does not report a triple count; use the measured value,
gaia_low,gaia,8,17.524,,10898709,,621930.4382561059,GAIA OWLGenerator,3.1,10898709,4730095,32,1438558,50,2.304120530348756,7.576134573649446,0.06213003857723986,0.3241906370515634,0.19274164855196482,,,,,,,,,,,,,,,,,,,,,,,,,"{""instances"": 110000, ""limit"": null, ""materialization"": false, ""threads"": 2}",GAIA does not report a triple count; use the measured value,
gaia_low,gaia,9,17.4235,,10899317,,625552.6731138979,GAIA OWLGenerator,3.1,10899317,4730095,32,1439166,50,2.304249068993329,7.573356374455761,0.06212649567659358,0.3241931287237908,0.19272955501191316,,,,,,,,,,,,,,,,,,,,,,,,,"{""instances"": 110000, ""limit"": null, ""materialization"": false, ""threads"": 2}",GAIA does not report a triple count; use the measured value,
gaia_low,gaia,10,16.5884,,10897895,,656958.7784234766,GAIA OWLGenerator,3.1,10897895,4730095,32,1437744,50,2.303948440781845,7.5798577493628905,0.0621084890307291,0.3241717107411613,0.19271261491325212,,,,,,,,,,,,,,,,,,,,,,,,,"{""instances"": 110000, ""limit"": null, ""materialization"": false, ""threads"": 2}",GAIA does not report a triple count; use the measured value,
gaia_low,gaia,11,17.979,,10898331,,606170.0317036543,GAIA OWLGenerator,3.1,10898331,4730095,32,1438180,50,2.304040616520387,7.577862993505681,0.06211752262052654,0.32418030018838284,0.19272385066612974,,,,,,,,,,,,,,,,,,,,,,,,,"{""instances"": 110000, ""limit"": null, ""materialization"": false, ""threads"": 2}",GAIA does not report a triple count; use the measured value,
gaia_low,gaia,12,17.3599,,10899506,,627855.3447888525,GAIA OWLGenerator,3.1,10899506,4730095,32,1439355,50,2.3042890259075133,7.572493234816984,0.06214922616620482,0.324207998946814,0.19276678728816404,,,,,,,,,,,,,,,,,,,,,,,,,"{""instances"": 110000, ""limit"": null, ""materialization"": false, ""threads"": 2}",GAIA does not report a triple count; use the measured value,
gaia_low,gaia,13,17.0533,,10898339,,639075.076378179,GAIA OWLGenerator,3.1,10898339,4730095,32,1438188,50,2.304042307818342,7.577826403780312,0.06211385932981171,0.32417854515566946,0.1927174707272056,,,,,,,,,,,,,,,,,,,,,,,,,"{""instances"": 110000, ""limit"": null, ""materialization"": false, ""threads"": 2}",GAIA does not report a triple count; use the measured value,
gaia_low,gaia,14,16.8458,,10899622,,647023.1155540253,GAIA OWLGenerator,3.1,10899622,4730095,32,1439471,50,2.3043135497278597,7.57196358940194,0.062157507754554586,0.3242137723805296,0.19277988726467332,,,,,,,,,,,,,,,,,,,,,,,,,"{""instances"": 110000, ""limit"": null, ""materialization"": false, ""threads"": 2}",GAIA does not report a triple count; use the measured value,
gaia_low,gaia,15,16.4572,,10898960,,662260.8949274481,GAIA OWLGenerator,3.1,10898960,4730095,32,1438809,50,2.304173594822091,7.574987368024526,0.062131900423362106,0.32419312706797476,0.19274237418034162,,,,,,,,,,,,,,,,,,,,,,,,,"{""instances"": 110000, ""limit"": null, ""materialization"": false, ""threads"": 2}",GAIA does not report a triple count; use the measured value,
gaia_low,gaia,16,17.3465,,10898822,,628300.9252586977,GAIA OWLGenerator,3.1,10898822,4730095,32,1438671,50,2.3041444199323693,7.57561805305035,0.06213348940051558,0.32419314329497334,0.19274646903587367,,,,,,,,,,,,,,,,,,,,,,,,,"{""instances"": 110000, ""limit"": null, ""materialization"": false, ""threads"": 2}",GAIA does not report a triple count; use the measured value,
gaia_low,gaia,17,16.9909,,10898564,,641435.3565732245,GAIA OWLGenerator,3.1,10898564,4730095,32,1438413,50,2.3040898755733235,7.576797484449877,0.062116801700125734,0.3241816833247764,0.1927203114601161,,,,,,,,,,,,,,,,,,,,,,,,,"{""instances"": 110000, ""limit"": null, ""materialization"": false, ""threads"": 2}",GAIA does not report a triple count; use the measured value,
gaia_low,gaia,18,16.7306,,10899050,,651444.0605836014,GAIA OWLGenerator,3.1,10899050,4730095,32,1438899,50,2.304192621924084,7.574576116878252,0.06212784492673622,0.32419204595245726,0.19273451047350584,,,,,,,,,,,,,,,,,,,,,,,,,"{""instances"": 110000, ""limit"": null, ""materialization"": false, ""threads"": 2}",GAIA does not report a triple count; use the measured value,
gaia_low,gaia,19,16.6458,,10897126,,654647.1782671905,GAIA OWLGenerator,3.1,10897126,4730095,32,1436975,50,2.3037858647659295,7.583378973190209,0.06208459990333945,0.3241525540736082,0.19267911305748517,,,,,,,,,,,,,,,,,,,,,,,,,"{""instances"": 110000, ""limit"": null, ""materialization"": false, ""threads"": 2}",GAIA does not report a triple count; use the measured value,
gaia_low,gaia,20,16.6373,,10898986,,655093.4346318212,GAIA OWLGenerator,3.1,10898986,4730095,32,1438835,50,2.3041790915404445,7.574868556853287,0.062109150178482425,0.3241801627556378,0.19270298634853517,,,,,,,,,,,,,,,,,,,,,,,,,"{""instances"": 110000, ""limit"": null, ""materialization"": false, ""threads"": 2}",GAIA does not report a triple count; use the measured value,
gaia_low,gaia,21,16.9324,,10898324,,643637.2870945642,GAIA OWLGenerator,3.1,10898324,4730095,32,1438173,50,2.3040391366346764,7.577895009849302,0.062119560389545435,0.32418147436077116,0.192727424779355,,,,,,,,,,,,,,,,,,,,,,,,,"{""instances"": 110000, ""limit"": null, ""materialization"": false, ""threads"": 2}",GAIA does not report a triple count; use the measured value,
gaia_low,gaia,22,17.1755,,10899097,,634572.3268609357,GAIA OWLGenerator,3.1,10899097,4730095,32,1438946,50,2.304202558299569,7.574361372838174,0.062144269329271584,0.3242015744461659,0.1927622972717205,,,,,,,,,,,,,,,,,,,,,,,,,"{""instances"": 110000, ""limit"": null, ""materialization"": false, ""threads"": 2}",GAIA does not report a triple count; use the measured value,
gaia_low,gaia,23,16.805,,10899352,,648577.9232371318,GAIA OWLGenerator,3.1,10899352,4730095,32,1439201,50,2.304256468421882,7.573196516678351,0.06213312112534012,0.32419747749324274,0.192740605657908,,,,,,,,,,,,,,,,,,,,,,,,,"{""instances"": 110000, ""limit"": null, ""materialization"": false, ""threads"": 2}",GAIA does not report a triple count; use the measured value,
gaia_low,gaia,24,16.7294,,10899647,,651526.4743505446,GAIA OWLGenerator,3.1,10899647,4730095,32,1439496,50,2.3043188350339685,7.571849452864058,0.062136985555311955,0.3242018205666868,0.1927443416222021,,,,,,,,,,,,,,,,,,,,,,,,,"{""instances"": 110000, ""limit"": null, ""materialization"": false, ""threads"": 2}",GAIA does not report a triple count; use the measured value,
gaia_low,gaia,25,16.6501,,10897518,,654501.6546447169,GAIA OWLGenerator,3.1,10897518,4730095,32,1437367,50,2.30386873836572,7.581583548251769,0.06209459772307902,0.32416121458846153,0.19269244150474849,,,,,,,,,,,,,,,,,,,,,,,,,"{""instances"": 110000, ""limit"": null, ""materialization"": false, ""threads"": 2}",GAIA does not report a triple count; use the measured value,
gaia_low,gaia,26,16.8267,,10897112,,647608.384294009,GAIA OWLGenerator,3.1,10897112,4730095,32,1436961,50,2.3037829049945087,7.583443113626605,0.06208248811950281,0.3241507370471362,0.19267561885969328,,,,,,,,,,,,,,,,,,,,,,,,,"{""instances"": 110000, ""limit"": null, ""materialization"": false, ""threads"": 2}",GAIA does not report a triple count; use the measured value,
gaia_low,gaia,27,16.6919,,10899588,,652986.658199486,GAIA OWLGenerator,3.1,10899588,4730095,32,1439437,50,2.3043063617115513,7.572118821455889,0.062164474918039093,0.3242170010896669,0.1927922065505554,,,,,,,,,,,,,,,,,,,,,,,,,"{""instances"": 110000, ""limit"": null, ""materialization"": false, ""threads"": 2}",GAIA does not report a triple count; use the measured value,
gaia_low,gaia,28,16.7772,,10898814,,649620.5564694942,GAIA OWLGenerator,3.1,10898814,4730095,32,1438663,50,2.3041427286344143,7.575654618211492,0.06212794217905512,0.3241899036574493,0.1927370065505554,,,,,,,,,,,,,,,,,,,,,,,,,"{""instances"": 110000, ""limit"": null, ""materialization"": false, ""threads"": 2}",GAIA does not report a triple count; use the measured value,
gaia_low,gaia,29,16.5667,,10898559,,657859.3805646265,GAIA OWLGenerator,3.1,10898559,4730095,32,1438408,50,2.304088818512102,7.576820345826775,0.062113654006784036,0.32417984589864846,0.1927149466492164,,,,,,,,,,,,,,,,,,,,,,,,,"{""instances"": 110000, ""limit"": null, ""materialization"": false, ""threads"": 2}",GAIA does not report a triple count; use the measured value,
gaia_low,gaia,30,16.8406,,10898482,,647155.2082467371,GAIA OWLGenerator,3.1,10898482,4730095,32,1438331,50,2.304072539769286,7.577172431102437,0.062107831881993196,0.3241754484482002,0.19270569219772476,,,,,,,,,,,,,,,,,,,,,,,,,"{""instances"": 110000, ""limit"": null, ""materialization"": false, ""threads"": 2}",GAIA does not report a triple count; use the measured value,
linkgen_high,linkgen,1,37.8873,136951,136957,3614.6941059405126,3614.852470352862,linkgen,,136957,735,25,33,13,186.3360544217687,4150.212121212121,0.5930189906952148,0.6112290249433107,0.7067851768017881,,,,,,,,,,,,,,,,,,,,,,,,,"{""avg_frequency"": 10, ""distribution"": ""gaussian"", ""gaussian_deviation"": 15, ""gaussian_mean"": 200, ""max_file_size"": 500, ""ontology"": ""univ-bench.owl"", ""threads"": 2, ""triples"": 135000, ""triples_per_file"": 500000, ""zipf_exponent"": 2.1}",3 N-Triples file(s),
linkgen_high,linkgen,2,34.1235,136951,136957,4013.392530074582,4013.5683619792812,linkgen,,136957,735,25,33,13,186.3360544217687,4150.212121212121,0.5930189906952148,0.6112290249433107,0.7067851768017881,,,,,,,,,,,,,,,,,,,,,,,,,"{""avg_frequency"": 10, ""distribution"": ""gaussian"", ""gaussian_deviation"": 15, ""gaussian_mean"": 200, ""max_file_size"": 500, ""ontology"": ""univ-bench.owl"", ""threads"": 2, ""triples"": 135000, ""triples_per_file"": 500000, ""zipf_exponent"": 2.1}",3 N-Triples file(s),
linkgen_high,linkgen,3,35.4444,136951,136957,3863.8261615375063,3863.995440746634,linkgen,,136957,735,25,33,13,186.3360544217687,4150.212121212121,0.5930189906952148,0.6112290249433107,0.7067851768017881,,,,,,,,,,,,,,,,,,,,,,,,,"{""avg_frequency"": 10, ""distribution"": ""gaussian"", ""gaussian_deviation"": 15, ""gaussian_mean"": 200, ""max_file_size"": 500, ""ontology"": ""univ-bench.owl"", ""threads"": 2, ""triples"": 135000, ""triples_per_file"": 500000, ""zipf_exponent"": 2.1}",3 N-Triples file(s),
linkgen_high,linkgen,4,36.6432,136951,136957,3737.419221028731,3737.5829621867088,linkgen,,136957,735,25,33,13,186.3360544217687,4150.212121212121,0.5930189906952148,0.6112290249433107,0.7067851768017881,,,,,,,,,,,,,,,,,,,,,,,,,"{""avg_frequency"": 10, ""distribution"": ""gaussian"", ""gaussian_deviation"": 15, ""gaussian_mean"": 200, ""max_file_size"": 500, ""ontology"": ""univ-bench.owl"", ""threads"": 2, ""triples"": 135000, ""triples_per_file"": 500000, ""zipf_exponent"": 2.1}",3 N-Triples file(s),
linkgen_high,linkgen,5,34.5841,136951,136957,3959.941129015935,3960.1146191457924,linkgen,,136957,735,25,33,13,186.3360544217687,4150.212121212121,0.5930189906952148,0.6112290249433107,0.7067851768017881,,,,,,,,,,,,,,,,,,,,,,,,,"{""avg_frequency"": 10, ""distribution"": ""gaussian"", ""gaussian_deviation"": 15, ""gaussian_mean"": 200, ""max_file_size"": 500, ""ontology"": ""univ-bench.owl"", ""threads"": 2, ""triples"": 135000, ""triples_per_file"": 500000, ""zipf_exponent"": 2.1}",3 N-Triples file(s),
linkgen_high,linkgen,6,35.0794,136951,136957,3904.029145310353,3904.2001858640683,linkgen,,136957,735,25,33,13,186.3360544217687,4150.212121212121,0.5930189906952148,0.6112290249433107,0.7067851768017881,,,,,,,,,,,,,,,,,,,,,,,,,"{""avg_frequency"": 10, ""distribution"": ""gaussian"", ""gaussian_deviation"": 15, ""gaussian_mean"": 200, ""max_file_size"": 500, ""ontology"": ""univ-bench.owl"", ""threads"": 2, ""triples"": 135000, ""triples_per_file"": 500000, ""zipf_exponent"": 2.1}",3 N-Triples file(s),
linkgen_high,linkgen,7,36.2651,136951,136957,3776.3855607733058,3776.5510090969005,linkgen,,136957,735,25,33,13,186.3360544217687,4150.212121212121,0.5930189906952148,0.6112290249433107,0.7067851768017881,,,,,,,,,,,,,,,,,,,,,,,,,"{""avg_frequency"": 10, ""distribution"": ""gaussian"", ""gaussian_deviation"": 15, ""gaussian_mean"": 200, ""max_file_size"": 500, ""ontology"": ""univ-bench.owl"", ""threads"": 2, ""triples"": 135000, ""triples_per_file"": 500000, ""zipf_exponent"": 2.1}",3 N-Triples file(s),
linkgen_high,linkgen,8,36.6861,136951,136957,3733.0487568861226,3733.2123065684273,linkgen,,136957,735,25,33,13,186.3360544217687,4150.212121212121,0.5930189906952148,0.6112290249433107,0.7067851768017881,,,,,,,,,,,,,,,,,,,,,,,,,"{""avg_frequency"": 10, ""distribution"": ""gaussian"", ""gaussian_deviation"": 15, ""gaussian_mean"": 200, ""max_file_size"": 500, ""ontology"": ""univ-bench.owl"", ""threads"": 2, ""triples"": 135000, ""triples_per_file"": 500000, ""zipf_exponent"": 2.1}",3 N-Triples file(s),
linkgen_high,linkgen,9,34.4207,136951,136957,3978.7395375457213,3978.91385125811,linkgen,,136957,735,25,33,13,186.3360544217687,4150.212121212121,0.5930189906952148,0.6112290249433107,0.7067851768017881,,,,,,,,,,,,,,,,,,,,,,,,,"{""avg_frequency"": 10, ""distribution"": ""gaussian"", ""gaussian_deviation"": 15, ""gaussian_mean"": 200, ""max_file_size"": 500, ""ontology"": ""univ-bench.owl"", ""threads"": 2, ""triples"": 135000, ""triples_per_file"": 500000, ""zipf_exponent"": 2.1}",3 N-Triples file(s),
linkgen_high,linkgen,10,35.8689,136951,136957,3818.098687163532,3818.265962993011,linkgen,,136957,735,25,33,13,186.3360544217687,4150.212121212121,0.5930189906952148,0.6112290249433107,0.7067851768017881,,,,,,,,,,,,,,,,,,,,,,,,,"{""avg_frequency"": 10, ""distribution"": ""gaussian"", ""gaussian_deviation"": 15, ""gaussian_mean"": 200, ""max_file_size"": 500, ""ontology"": ""univ-bench.owl"", ""threads"": 2, ""triples"": 135000, ""triples_per_file"": 500000, ""zipf_exponent"": 2.1}",3 N-Triples file(s),
linkgen_high,linkgen,11,35.5765,136951,136957,3849.479291105083,3849.6479417593073,linkgen,,136957,735,25,33,13,186.3360544217687,4150.212121212121,0.5930189906952148,0.6112290249433107,0.7067851768017881,,,,,,,,,,,,,,,,,,,,,,,,,"{""avg_frequency"": 10, ""distribution"": ""gaussian"", ""gaussian_deviation"": 15, ""gaussian_mean"": 200, ""max_file_size"": 500, ""ontology"": ""univ-bench.owl"", ""threads"": 2, ""triples"": 135000, ""triples_per_file"": 500000, ""zipf_exponent"": 2.1}",3 N-Triples file(s),
linkgen_high,linkgen,12,35.6545,136951,136957,3841.057930976455,3841.2262126800265,linkgen,,136957,735,25,33,13,186.3360544217687,4150.212121212121,0.5930189906952148,0.6112290249433107,0.7067851768017881,,,,,,,,,,,,,,,,,,,,,,,,,"{""avg_frequency"": 10, ""distribution"": ""gaussian"", ""gaussian_deviation"": 15, ""gaussian_mean"": 200, ""max_file_size"": 500, ""ontology"": ""univ-bench.owl"", ""threads"": 2, ""triples"": 135000, ""triples_per_file"": 500000, ""zipf_exponent"": 2.1}",3 N-Triples file(s),
linkgen_high,linkgen,13,33.3901,136951,136957,4101.545068747922,4101.724762729073,linkgen,,136957,735,25,33,13,186.3360544217687,4150.212121212121,0.5930189906952148,0.6112290249433107,0.7067851768017881,,,,,,,,,,,,,,,,,,,,,,,,,"{""avg_frequency"": 10, ""distribution"": ""gaussian"", ""gaussian_deviation"": 15, ""gaussian_mean"": 200, ""max_file_size"": 500, ""ontology"": ""univ-bench.owl"", ""threads"": 2, ""triples"": 135000, ""triples_per_file"": 500000, ""zipf_exponent"": 2.1}",3 N-Triples file(s),
linkgen_high,linkgen,14,36.2343,136951,136957,3779.5955765669546,3779.761165525483,linkgen,,136957,735,25,33,13,186.3360544217687,4150.212121212121,0.5930189906952148,0.6112290249433107,0.7067851768017881,,,,,,,,,,,,,,,,,,,,,,,,,"{""avg_frequency"": 10, ""distribution"": ""gaussian"", ""gaussian_deviation"": 15, ""gaussian_mean"": 200, ""max_file_size"": 500, ""ontology"": ""univ-bench.owl"", ""threads"": 2, ""triples"": 135000, ""triples_per_file"": 500000, ""zipf_exponent"": 2.1}",3 N-Triples file(s),
linkgen_high,linkgen,15,37.3111,136951,136957,3670.5162806778676,3670.6770907317123,linkgen,,136957,735,25,33,13,186.3360544217687,4150.212121212121,0.5930189906952148,0.6112290249433107,0.7067851768017881,,,,,,,,,,,,,,,,,,,,,,,,,"{""avg_frequency"": 10, ""distribution"": ""gaussian"", ""gaussian_deviation"": 15, ""gaussian_mean"": 200, ""max_file_size"": 500, ""ontology"": ""univ-bench.owl"", ""threads"": 2, ""triples"": 135000, ""triples_per_file"": 500000, ""zipf_exponent"": 2.1}",3 N-Triples file(s),
linkgen_high,linkgen,16,35.2272,136951,136957,3887.6493164372982,3887.8196393695775,linkgen,,136957,735,25,33,13,186.3360544217687,4150.212121212121,0.5930189906952148,0.6112290249433107,0.7067851768017881,,,,,,,,,,,,,,,,,,,,,,,,,"{""avg_frequency"": 10, ""distribution"": ""gaussian"", ""gaussian_deviation"": 15, ""gaussian_mean"": 200, ""max_file_size"": 500, ""ontology"": ""univ-bench.owl"", ""threads"": 2, ""triples"": 135000, ""triples_per_file"": 500000, ""zipf_exponent"": 2.1}",3 N-Triples file(s),
linkgen_high,linkgen,17,34.4046,136951,136957,3980.6014312039665,3980.775826488318,linkgen,,136957,735,25,33,13,186.3360544217687,4150.212121212121,0.5930189906952148,0.6112290249433107,0.7067851768017881,,,,,,,,,,,,,,,,,,,,,,,,,"{""avg_frequency"": 10, ""distribution"": ""gaussian"", ""gaussian_deviation"": 15, ""gaussian_mean"": 200, ""max_file_size"": 500, ""ontology"": ""univ-bench.owl"", ""threads"": 2, ""triples"": 135000, ""triples_per_file"": 500000, ""zipf_exponent"": 2.1}",3 N-Triples file(s),
linkgen_high,linkgen,18,35.675,136951,136957,3838.8507358093907,3839.0189208128945,linkgen,,136957,735,25,33,13,186.3360544217687,4150.212121212121,0.5930189906952148,0.6112290249433107,0.7067851768017881,,,,,,,,,,,,,,,,,,,,,,,,,"{""avg_frequency"": 10, ""distribution"": ""gaussian"", ""gaussian_deviation"": 15, ""gaussian_mean"": 200, ""max_file_size"": 500, ""ontology"": ""univ-bench.owl"", ""threads"": 2, ""triples"": 135000, ""triples_per_file"": 500000, ""zipf_exponent"": 2.1}",3 N-Triples file(s),
linkgen_high,linkgen,19,33.7563,136951,136957,4057.0500913903475,4057.2278359891334,linkgen,,136957,735,25,33,13,186.3360544217687,4150.212121212121,0.5930189906952148,0.6112290249433107,0.7067851768017881,,,,,,,,,,,,,,,,,,,,,,,,,"{""avg_frequency"": 10, ""distribution"": ""gaussian"", ""gaussian_deviation"": 15, ""gaussian_mean"": 200, ""max_file_size"": 500, ""ontology"": ""univ-bench.owl"", ""threads"": 2, ""triples"": 135000, ""triples_per_file"": 500000, ""zipf_exponent"": 2.1}",3 N-Triples file(s),
linkgen_high,linkgen,20,36.3033,136951,136957,3772.4118744026023,3772.577148633871,linkgen,,136957,735,25,33,13,186.3360544217687,4150.212121212121,0.5930189906952148,0.6112290249433107,0.7067851768017881,,,,,,,,,,,,,,,,,,,,,,,,,"{""avg_frequency"": 10, ""distribution"": ""gaussian"", ""gaussian_deviation"": 15, ""gaussian_mean"": 200, ""max_file_size"": 500, ""ontology"": ""univ-bench.owl"", ""threads"": 2, ""triples"": 135000, ""triples_per_file"": 500000, ""zipf_exponent"": 2.1}",3 N-Triples file(s),
linkgen_high,linkgen,21,35.087,136951,136957,3903.1835152620624,3903.3545187676345,linkgen,,136957,735,25,33,13,186.3360544217687,4150.212121212121,0.5930189906952148,0.6112290249433107,0.7067851768017881,,,,,,,,,,,,,,,,,,,,,,,,,"{""avg_frequency"": 10, ""distribution"": ""gaussian"", ""gaussian_deviation"": 15, ""gaussian_mean"": 200, ""max_file_size"": 500, ""ontology"": ""univ-bench.owl"", ""threads"": 2, ""triples"": 135000, ""triples_per_file"": 500000, ""zipf_exponent"": 2.1}",3 N-Triples file(s),
linkgen_high,linkgen,22,34.1473,136951,136957,4010.595274004094,4010.7709833573954,linkgen,,136957,735,25,33,13,186.3360544217687,4150.212121212121,0.5930189906952148,0.6112290249433107,0.7067851768017881,,,,,,,,,,,,,,,,,,,,,,,,,"{""avg_frequency"": 10, ""distribution"": ""gaussian"", ""gaussian_deviation"": 15, ""gaussian_mean"": 200, ""max_file_size"": 500, ""ontology"": ""univ-bench.owl"", ""threads"": 2, ""triples"": 135000, ""triples_per_file"": 500000, ""zipf_exponent"": 2.1}",3 N-Triples file(s),
linkgen_high,linkgen,23,34.824,136951,136957,3932.661382954285,3932.8336779232714,linkgen,,136957,735,25,33,13,186.3360544217687,4150.212121212121,0.5930189906952148,0.6112290249433107,0.7067851768017881,,,,,,,,,,,,,,,,,,,,,,,,,"{""avg_frequency"": 10, ""distribution"": ""gaussian"", ""gaussian_deviation"": 15, ""gaussian_mean"": 200, ""max_file_size"": 500, ""ontology"": ""univ-bench.owl"", ""threads"": 2, ""triples"": 135000, ""triples_per_file"": 500000, ""zipf_exponent"": 2.1}",3 N-Triples file(s),
linkgen_high,linkgen,24,35.7891,136951,136957,3826.6120131548437,3826.7796619641176,linkgen,,136957,735,25,33,13,186.3360544217687,4150.212121212121,0.5930189906952148,0.6112290249433107,0.7067851768017881,,,,,,,,,,,,,,,,,,,,,,,,,"{""avg_frequency"": 10, ""distribution"": ""gaussian"", ""gaussian_deviation"": 15, ""gaussian_mean"": 200, ""max_file_size"": 500, ""ontology"": ""univ-bench.owl"", ""threads"": 2, ""triples"": 135000, ""triples_per_file"": 500000, ""zipf_exponent"": 2.1}",3 N-Triples file(s),
linkgen_high,linkgen,25,35.7808,136951,136957,3827.499664624603,3827.667352323034,linkgen,,136957,735,25,33,13,186.3360544217687,4150.212121212121,0.5930189906952148,0.6112290249433107,0.7067851768017881,,,,,,,,,,,,,,,,,,,,,,,,,"{""avg_frequency"": 10, ""distribution"": ""gaussian"", ""gaussian_deviation"": 15, ""gaussian_mean"": 200, ""max_file_size"": 500, ""ontology"": ""univ-bench.owl"", ""threads"": 2, ""triples"": 135000, ""triples_per_file"": 500000, ""zipf_exponent"": 2.1}",3 N-Triples file(s),
linkgen_high,linkgen,26,33.9292,136951,136957,4036.3757471440526,4036.552585973144,linkgen,,136957,735,25,33,13,186.3360544217687,4150.212121212121,0.5930189906952148,0.6112290249433107,0.7067851768017881,,,,,,,,,,,,,,,,,,,,,,,,,"{""avg_frequency"": 10, ""distribution"": ""gaussian"", ""gaussian_deviation"": 15, ""gaussian_mean"": 200, ""max_file_size"": 500, ""ontology"": ""univ-bench.owl"", ""threads"": 2, ""triples"": 135000, ""triples_per_file"": 500000, ""zipf_exponent"": 2.1}",3 N-Triples file(s),
linkgen_high,linkgen,27,36.7114,136951,136957,3730.476091895161,3730.639528865693,linkgen,,136957,735,25,33,13,186.3360544217687,4150.212121212121,0.5930189906952148,0.6112290249433107,0.7067851768017881,,,,,,,,,,,,,,,,,,,,,,,,,"{""avg_frequency"": 10, ""distribution"": ""gaussian"", ""gaussian_deviation"": 15, ""gaussian_mean"": 200, ""max_file_size"": 500, ""ontology"": ""univ-bench.owl"", ""threads"": 2, ""triples"": 135000, ""triples_per_file"": 500000, ""zipf_exponent"": 2.1}",3 N-Triples file(s),
linkgen_high,linkgen,28,35.624,136951,136957,3844.346507972153,3844.5149337525263,linkgen,,136957,735,25,33,13,186.3360544217687,4150.212121212121,0.5930189906952148,0.6112290249433107,0.7067851768017881,,,,,,,,,,,,,,,,,,,,,,,,,"{""avg_frequency"": 10, ""distribution"": ""gaussian"", ""gaussian_deviation"": 15, ""gaussian_mean"": 200, ""max_file_size"": 500, ""ontology"": ""univ-bench.owl"", ""threads"": 2, ""triples"": 135000, ""triples_per_file"": 500000, ""zipf_exponent"": 2.1}",3 N-Triples file(s),
linkgen_high,linkgen,29,35.3853,136951,136957,3870.279466332064,3870.4490282688007,linkgen,,136957,735,25,33,13,186.3360544217687,4150.212121212121,0.5930189906952148,0.6112290249433107,0.7067851768017881,,,,,,,,,,,,,,,,,,,,,,,,,"{""avg_frequency"": 10, ""distribution"": ""gaussian"", ""gaussian_deviation"": 15, ""gaussian_mean"": 200, ""max_file_size"": 500, ""ontology"": ""univ-bench.owl"", ""threads"": 2, ""triples"": 135000, ""triples_per_file"": 500000, ""zipf_exponent"": 2.1}",3 N-Triples file(s),
linkgen_high,linkgen,30,35.0825,136951,136957,3903.6841730207366,3903.8551984607707,linkgen,,136957,735,25,33,13,186.3360544217687,4150.212121212121,0.5930189906952148,0.6112290249433107,0.7067851768017881,,,,,,,,,,,,,,,,,,,,,,,,,"{""avg_frequency"": 10, ""distribution"": ""gaussian"", ""gaussian_deviation"": 15, ""gaussian_mean"": 200, ""max_file_size"": 500, ""ontology"": ""univ-bench.owl"", ""threads"": 2, ""triples"": 135000, ""triples_per_file"": 500000, ""zipf_exponent"": 2.1}",3 N-Triples file(s),
linkgen_low,linkgen,1,17.1115,137277,137283,8022.499488647985,8022.850130029513,linkgen,,137283,11140,22,31,13,12.32342908438061,4428.4838709677415,0.5093691800582693,0.5379929002774604,0.6657132339866332,,,,,,,,,,,,,,,,,,,,,,,,,"{""avg_frequency"": 10, ""distribution"": ""zipf"", ""gaussian_deviation"": 15, ""gaussian_mean"": 200, ""max_file_size"": 500, ""ontology"": ""univ-bench.owl"", ""threads"": 2, ""triples"": 135000, ""triples_per_file"": 500000, ""zipf_exponent"": 2.1}",3 N-Triples file(s),
linkgen_low,linkgen,2,17.0196,137277,137283,8065.81823309596,8066.17076782063,linkgen,,137283,11140,22,31,13,12.32342908438061,4428.4838709677415,0.5093691800582693,0.5379929002774604,0.6657132339866332,,,,,,,,,,,,,,,,,,,,,,,,,"{""avg_frequency"": 10, ""distribution"": ""zipf"", ""gaussian_deviation"": 15, ""gaussian_mean"": 200, ""max_file_size"": 500, ""ontology"": ""univ-bench.owl"", ""threads"": 2, ""triples"": 135000, ""triples_per_file"": 500000, ""zipf_exponent"": 2.1}",3 N-Triples file(s),
linkgen_low,linkgen,3,15.7984,137277,137283,8689.297650394976,8689.67743568969,linkgen,,137283,11140,22,31,13,12.32342908438061,4428.4838709677415,0.5093691800582693,0.5379929002774604,0.6657132339866332,,,,,,,,,,,,,,,,,,,,,,,,,"{""avg_frequency"": 10, ""distribution"": ""zipf"", ""gaussian_deviation"": 15, ""gaussian_mean"": 200, ""max_file_size"": 500, ""ontology"": ""univ-bench.owl"", ""threads"": 2, ""triples"": 135000, ""triples_per_file"": 500000, ""zipf_exponent"": 2.1}",3 N-Triples file(s),
linkgen_low,linkgen,4,17.6547,137277,137283,7775.6631378613065,7776.002990705026,linkgen,,137283,11140,22,31,13,12.32342908438061,4428.4838709677415,0.5093691800582693,0.5379929002774604,0.6657132339866332,,,,,,,,,,,,,,,,,,,,,,,,,"{""avg_frequency"": 10, ""distribution"": ""zipf"", ""gaussian_deviation"": 15, ""gaussian_mean"": 200, ""max_file_size"": 500, ""ontology"": ""univ-bench.owl"", ""threads"": 2, ""triples"": 135000, ""triples_per_file"": 500000, ""zipf_exponent"": 2.1}",3 N-Triples file(s),
linkgen_low,linkgen,5,17.5133,137277,137283,7838.442783484551,7838.785380253864,linkgen,,137283,11140,22,31,13,12.32342908438061,4428.4838709677415,0.5093691800582693,0.5379929002774604,0.6657132339866332,,,,,,,,,,,,,,,,,,,,,,,,,"{""avg_frequency"": 10, ""distribution"": ""zipf"", ""gaussian_deviation"": 15, ""gaussian_mean"": 200, ""max_file_size"": 500, ""ontology"": ""univ-bench.owl"", ""threads"": 2, ""triples"": 135000, ""triples_per_file"": 500000, ""zipf_exponent"": 2.1}",3 N-Triples file(s),
linkgen_low,linkgen,6,16.9208,137277,137283,8112.914283012624,8113.268876176067,linkgen,,137283,11140,22,31,13,12.32342908438061,4428.4838709677415,0.5093691800582693,0.5379929002774604,0.6657132339866332,,,,,,,,,,,,,,,,,,,,,,,,,"{""avg_frequency"": 10, ""distribution"": ""zipf"", ""gaussian_deviation"": 15, ""gaussian_mean"": 200, ""max_file_size"": 500, ""ontology"": ""univ-bench.owl"", ""threads"": 2, ""triples"": 135000, ""triples_per_file"": 500000, ""zipf_exponent"": 2.1}",3 N-Triples file(s),
linkgen_low,linkgen,7,18.174,137277,137283,7553.482997689007,7553.813139650049,linkgen,,137283,11140,22,31,13,12.32342908438061,4428.4838709677415,0.5093691800582693,0.5379929002774604,0.6657132339866332,,,,,,,,,,,,,,,,,,,,,,,,,"{""avg_frequency"": 10, ""distribution"": ""zipf"", ""gaussian_deviation"": 15, ""gaussian_mean"": 200, ""max_file_size"": 500, ""ontology"": ""univ-bench.owl"", ""threads"": 2, ""triples"": 135000, ""triples_per_file"": 500000, ""zipf_exponent"": 2.1}",3 N-Triples file(s),
linkgen_low,linkgen,8,17.4622,137277,137283,7861.380582057244,7861.724181374627,linkgen,,137283,11140,22,31,13,12.32342908438061,4428.4838709677415,0.5093691800582693,0.5379929002774604,0.6657132339866332,,,,,,,,,,,,,,,,,,,,,,,,,"{""avg_frequency"": 10, ""distribution"": ""zipf"", ""gaussian_deviation"": 15, ""gaussian_mean"": 200, ""max_file_size"": 500, ""ontology"": ""univ-bench.owl"", ""threads"": 2, ""triples"": 135000, ""triples_per_file"": 500000, ""zipf_exponent"": 2.1}",3 N-Triples file(s),
linkgen_low,linkgen,9,17.335,137277,137283,7919.0654744736075,7919.411595038938,linkgen,,137283,11140,22,31,13,12.32342908438061,4428.4838709677415,0.5093691800582693,0.5379929002774604,0.6657132339866332,,,,,,,,,,,,,,,,,,,,,,,,,"{""avg_frequency"": 10, ""distribution"": ""zipf"", ""gaussian_deviation"": 15, ""gaussian_mean"": 200, ""max_file_size"": 500, ""ontology"": ""univ-bench.owl"", ""threads"": 2, ""triples"": 135000, ""triples_per_file"": 500000, ""zipf_exponent"": 2.1}",3 N-Triples file(s),
linkgen_low,linkgen,10,17.9963,137277,137283,7628.06799175386,7628.401393619799,linkgen,,137283,11140,22,31,13,12.32342908438061,4428.4838709677415,0.5093691800582693,0.5379929002774604,0.6657132339866332,,,,,,,,,,,,,,,,,,,,,,,,,"{""avg_frequency"": 10, ""distribution"": ""zipf"", ""gaussian_deviation"": 15, ""gaussian_mean"": 200, ""max_file_size"": 500, ""ontology"": ""univ-bench.owl"", ""threads"": 2, ""triples"": 135000, ""triples_per_file"": 500000, ""zipf_exponent"": 2.1}",3 N-Triples file(s),
linkgen_low,linkgen,11,17.0199,137277,137283,8065.676061551478,8066.028590062221,linkgen,,137283,11140,22,31,13,12.32342908438061,4428.4838709677415,0.5093691800582693,0.5379929002774604,0.6657132339866332,,,,,,,,,,,,,,,,,,,,,,,,,"{""avg_frequency"": 10, ""distribution"": ""zipf"", ""gaussian_deviation"": 15, ""gaussian_mean"": 200, ""max_file_size"": 500, ""ontology"": ""univ-bench.owl"", ""threads"": 2, ""triples"": 135000, ""triples_per_file"": 500000, ""zipf_exponent"": 2.1}",3 N-Triples file(s),
linkgen_low,linkgen,12,17.7997,137277,137283,7712.320994174059,7712.658078506941,linkgen,,137283,11140,22,31,13,12.32342908438061,4428.4838709677415,0.5093691800582693,0.5379929002774604,0.6657132339866332,,,,,,,,,,,,,,,,,,,,,,,,,"{""avg_frequency"": 10, ""distribution"": ""zipf"", ""gaussian_deviation"": 15, ""gaussian_mean"": 200, ""max_file_size"": 500, ""ontology"": ""univ-bench.owl"", ""threads"": 2, ""triples"": 135000, ""triples_per_file"": 500000, ""zipf_exponent"": 2.1}",3 N-Triples file(s),
linkgen_low,linkgen,13,17.2331,137277,137283,7965.891220964307,7966.239388154191,linkgen,,137283,11140,22,31,13,12.32342908438061,4428.4838709677415,0.5093691800582693,0.5379929002774604,0.6657132339866332,,,,,,,,,,,,,,,,,,,,,,,,,"{""avg_frequency"": 10, ""distribution"": ""zipf"", ""gaussian_deviation"": 15, ""gaussian_mean"": 200, ""max_file_size"": 500, ""ontology"": ""univ-bench.owl"", ""threads"": 2, ""triples"": 135000, ""triples_per_file"": 500000, ""zipf_exponent"": 2.1}",3 N-Triples file(s),
linkgen_low,linkgen,14,17.2817,137277,137283,7943.489355792543,7943.836543858532,linkgen,,137283,11140,22,31,13,12.32342908438061,4428.4838709677415,0.5093691800582693,0.5379929002774604,0.6657132339866332,,,,,,,,,,,,,,,,,,,,,,,,,"{""avg_frequency"": 10, ""distribution"": ""zipf"", ""gaussian_deviation"": 15, ""gaussian_mean"": 200, ""max_file_size"": 500, ""ontology"": ""univ-bench.owl"", ""threads"": 2, ""triples"": 135000, ""triples_per_file"": 500000, ""zipf_exponent"": 2.1}",3 N-Triples file(s),
linkgen_low,linkgen,15,17.9494,137277,137283,7647.999376023711,7648.333649035622,linkgen,,137283,11140,22,31,13,12.32342908438061,4428.4838709677415,0.5093691800582693,0.5379929002774604,0.6657132339866332,,,,,,,,,,,,,,,,,,,,,,,,,"{""avg_frequency"": 10, ""distribution"": ""zipf"", ""gaussian_deviation"": 15, ""gaussian_mean"": 200, ""max_file_size"": 500, ""ontology"": ""univ-bench.owl"", ""threads"": 2, ""triples"": 135000, ""triples_per_file"": 500000, ""zipf_exponent"": 2.1}",3 N-Triples file(s),
linkgen_low,linkgen,16,17.4343,137277,137283,7873.961099671337,7874.305248848534,linkgen,,137283,11140,22,31,13,12.32342908438061,4428.4838709677415,0.5093691800582693,0.5379929002774604,0.6657132339866332,,,,,,,,,,,,,,,,,,,,,,,,,"{""avg_frequency"": 10, ""distribution"": ""zipf"", ""gaussian_deviation"": 15, ""gaussian_mean"": 200, ""max_file_size"": 500, ""ontology"": ""univ-bench.owl"", ""threads"": 2, ""triples"": 135000, ""triples_per_file"": 500000, ""zipf_exponent"": 2.1}",3 N-Triples file(s),
linkgen_low,linkgen,17,16.3089,137277,137283,8417.305888196015,8417.673785479094,linkgen,,137283,11140,22,31,13,12.32342908438061,4428.4838709677415,0.5093691800582693,0.5379929002774604,0.6657132339866332,,,,,,,,,,,,,,,,,,,,,,,,,"{""avg_frequency"": 10, ""distribution"": ""zipf"", ""gaussian_deviation"": 15, ""gaussian_mean"": 200, ""max_file_size"": 500, ""ontology"": ""univ-bench.owl"", ""threads"": 2, ""triples"": 135000, ""triples_per_file"": 500000, ""zipf_exponent"": 2.1}",3 N-Triples file(s),
linkgen_low,linkgen,18,17.8162,137277,137283,7705.178433111439,7705.515205262627,linkgen,,137283,11140,22,31,13,12.32342908438061,4428.4838709677415,0.5093691800582693,0.5379929002774604,0.6657132339866332,,,,,,,,,,,,,,,,,,,,,,,,,"{""avg_frequency"": 10, ""distribution"": ""zipf"", ""gaussian_deviation"": 15, ""gaussian_mean"": 200, ""max_file_size"": 500, ""ontology"": ""univ-bench.owl"", ""threads"": 2, ""triples"": 135000, ""triples_per_file"": 500000, ""zipf_exponent"": 2.1}",3 N-Triples file(s),
linkgen_low,linkgen,19,17.1993,137277,137283,7981.545760583279,7981.894611990022,linkgen,,137283,11140,22,31,13,12.32342908438061,4428.4838709677415,0.5093691800582693,0.5379929002774604,0.6657132339866332,,,,,,,,,,,,,,,,,,,,,,,,,"{""avg_frequency"": 10, ""distribution"": ""zipf"", ""gaussian_deviation"": 15, ""gaussian_mean"": 200, ""max_file_size"": 500, ""ontology"": ""univ-bench.owl"", ""threads"": 2, ""triples"": 135000, ""triples_per_file"": 500000, ""zipf_exponent"": 2.1}",3 N-Triples file(s),
linkgen_low,linkgen,20,18.1533,137277,137283,7562.096147807836,7562.426666225975,linkgen,,137283,11140,22,31,13,12.32342908438061,4428.4838709677415,0.5093691800582693,0.5379929002774604,0.6657132339866332,,,,,,,,,,,,,,,,,,,,,,,,,"{""avg_frequency"": 10, ""distribution"": ""zipf"", ""gaussian_deviation"": 15, ""gaussian_mean"": 200, ""max_file_size"": 500, ""ontology"": ""univ-bench.owl"", ""threads"": 2, ""triples"": 135000, ""triples_per_file"": 500000, ""zipf_exponent"": 2.1}",3 N-Triples file(s),
linkgen_low,linkgen,21,17.7253,137277,137283,7744.69261451146,7745.031113718808,linkgen,,137283,11140,22,31,13,12.32342908438061,4428.4838709677415,0.5093691800582693,0.5379929002774604,0.6657132339866332,,,,,,,,,,,,,,,,,,,,,,,,,"{""avg_frequency"": 10, ""distribution"": ""zipf"", ""gaussian_deviation"": 15, ""gaussian_mean"": 200, ""max_file_size"": 500, ""ontology"": ""univ-bench.owl"", ""threads"": 2, ""triples"": 135000, ""triples_per_file"": 500000, ""zipf_exponent"": 2.1}",3 N-Triples file(s),
linkgen_low,linkgen,22,18.1774,137277,137283,7552.070153047191,7552.4002332566815,linkgen,,137283,11140,22,31,13,12.32342908438061,4428.4838709677415,0.5093691800582693,0.5379929002774604,0.6657132339866332,,,,,,,,,,,,,,,,,,,,,,,,,"{""avg_frequency"": 10, ""distribution"": ""zipf"", ""gaussian_deviation"": 15, ""gaussian_mean"": 200, ""max_file_size"": 500, ""ontology"": ""univ-bench.owl"", ""threads"": 2, ""triples"": 135000, ""triples_per_file"": 500000, ""zipf_exponent"": 2.1}",3 N-Triples file(s),
linkgen_low,linkgen,23,16.994,137277,137283,8077.968694833471,8078.321760621396,linkgen,,137283,11140,22,31,13,12.32342908438061,4428.4838709677415,0.5093691800582693,0.5379929002774604,0.6657132339866332,,,,,,,,,,,,,,,,,,,,,,,,,"{""avg_frequency"": 10, ""distribution"": ""zipf"", ""gaussian_deviation"": 15, ""gaussian_mean"": 200, ""max_file_size"": 500, ""ontology"": ""univ-bench.owl"", ""threads"": 2, ""triples"": 135000, ""triples_per_file"": 500000, ""zipf_exponent"": 2.1}",3 N-Triples file(s),
linkgen_low,linkgen,24,18.2038,137277,137283,7541.1177885935895,7541.4473901053625,linkgen,,137283,11140,22,31,13,12.32342908438061,4428.4838709677415,0.5093691800582693,0.5379929002774604,0.6657132339866332,,,,,,,,,,,,,,,,,,,,,,,,,"{""avg_frequency"": 10, ""distribution"": ""zipf"", ""gaussian_deviation"": 15, ""gaussian_mean"": 200, ""max_file_size"": 500, ""ontology"": ""univ-bench.owl"", ""threads"": 2, ""triples"": 135000, ""triples_per_file"": 500000, ""zipf_exponent"": 2.1}",3 N-Triples file(s),
linkgen_low,linkgen,25,17.1453,137277,137283,8006.684047523228,8007.033997655335,linkgen,,137283,11140,22,31,13,12.32342908438061,4428.4838709677415,0.5093691800582693,0.5379929002774604,0.6657132339866332,,,,,,,,,,,,,,,,,,,,,,,,,"{""avg_frequency"": 10, ""distribution"": ""zipf"", ""gaussian_deviation"": 15, ""gaussian_mean"": 200, ""max_file_size"": 500, ""ontology"": ""univ-bench.owl"", ""threads"": 2, ""triples"": 135000, ""triples_per_file"": 500000, ""zipf_exponent"": 2.1}",3 N-Triples file(s),
linkgen_low,linkgen,26,17.5633,137277,137283,7816.127948620133,7816.469570069406,linkgen,,137283,11140,22,31,13,12.32342908438061,4428.4838709677415,0.5093691800582693,0.5379929002774604,0.6657132339866332,,,,,,,,,,,,,,,,,,,,,,,,,"{""avg_frequency"": 10, ""distribution"": ""zipf"", ""gaussian_deviation"": 15, ""gaussian_mean"": 200, ""max_file_size"": 500, ""ontology"": ""univ-bench.owl"", ""threads"": 2, ""triples"": 135000, ""triples_per_file"": 500000, ""zipf_exponent"": 2.1}",3 N-Triples file(s),
linkgen_low,linkgen,27,18.0638,137277,137283,7599.5637684208195,7599.895924445576,linkgen,,137283,11140,22,31,13,12.32342908438061,4428.4838709677415,0.5093691800582693,0.5379929002774604,0.6657132339866332,,,,,,,,,,,,,,,,,,,,,,,,,"{""avg_frequency"": 10, ""distribution"": ""zipf"", ""gaussian_deviation"": 15, ""gaussian_mean"": 200, ""max_file_size"": 500, ""ontology"": ""univ-bench.owl"", ""threads"": 2, ""triples"": 135000, ""triples_per_file"": 500000, ""zipf_exponent"": 2.1}",3 N-Triples file(s),
linkgen_low,linkgen,28,17.8573,137277,137283,7687.444350489716,7687.780347532942,linkgen,,137283,11140,22,31,13,12.32342908438061,4428.4838709677415,0.5093691800582693,0.5379929002774604,0.6657132339866332,,,,,,,,,,,,,,,,,,,,,,,,,"{""avg_frequency"": 10, ""distribution"": ""zipf"", ""gaussian_deviation"": 15, ""gaussian_mean"": 200, ""max_file_size"": 500, ""ontology"": ""univ-bench.owl"", ""threads"": 2, ""triples"": 135000, ""triples_per_file"": 500000, ""zipf_exponent"": 2.1}",3 N-Triples file(s),
linkgen_low,linkgen,29,17.0901,137277,137283,8032.545157722892,8032.896238172977,linkgen,,137283,11140,22,31,13,12.32342908438061,4428.4838709677415,0.5093691800582693,0.5379929002774604,0.6657132339866332,,,,,,,,,,,,,,,,,,,,,,,,,"{""avg_frequency"": 10, ""distribution"": ""zipf"", ""gaussian_deviation"": 15, ""gaussian_mean"": 200, ""max_file_size"": 500, ""ontology"": ""univ-bench.owl"", ""threads"": 2, ""triples"": 135000, ""triples_per_file"": 500000, ""zipf_exponent"": 2.1}",3 N-Triples file(s),
linkgen_low,linkgen,30,17.7379,137277,137283,7739.191223312793,7739.529482069467,linkgen,,137283,11140,22,31,13,12.32342908438061,4428.4838709677415,0.5093691800582693,0.5379929002774604,0.6657132339866332,,,,,,,,,,,,,,,,,,,,,,,,,"{""avg_frequency"": 10, ""distribution"": ""zipf"", ""gaussian_deviation"": 15, ""gaussian_mean"": 200, ""max_file_size"": 500, ""ontology"": ""univ-bench.owl"", ""threads"": 2, ""triples"": 135000, ""triples_per_file"": 500000, ""zipf_exponent"": 2.1}",3 N-Triples file(s),
ref_lubm,lubm,1,17.4763,9025488,9028100,516441.58088382555,516591.0404376213,LUBM UBA,,9028100,1419936,18,1056705,15,6.358103463818088,8.543633275133551,0.9422751103463849,0.9503704527562902,0.9164049979577615,,,,,,,,,,,,,,,,,,,,,,,,,"{""index"": 0, ""seed"": 0, ""universities"": 65}",1306 RDF/XML files,
ref_lubm,lubm,2,17.3513,9025488,9028100,520162.0627849211,520312.5990559786,LUBM UBA,,9028100,1419936,18,1056705,15,6.358103463818088,8.543633275133551,0.9422751103463849,0.9503704527562902,0.9164049979577615,,,,,,,,,,,,,,,,,,,,,,,,,"{""index"": 0, ""seed"": 0, ""universities"": 65}",1306 RDF/XML files,
ref_lubm,lubm,3,17.5206,9025488,9028100,515135.7830211294,515284.8646735842,LUBM UBA,,9028100,1419936,18,1056705,15,6.358103463818088,8.543633275133551,0.9422751103463849,0.9503704527562902,0.9164049979577615,,,,,,,,,,,,,,,,,,,,,,,,,"{""index"": 0, ""seed"": 0, ""universities"": 65}",1306 RDF/XML files,
ref_lubm,lubm,4,17.4803,9025488,9028100,516323.40406057105,516472.82941368286,LUBM UBA,,9028100,1419936,18,1056705,15,6.358103463818088,8.543633275133551,0.9422751103463849,0.9503704527562902,0.9164049979577615,,,,,,,,,,,,,,,,,,,,,,,,,"{""index"": 0, ""seed"": 0, ""universities"": 65}",1306 RDF/XML files,
ref_lubm,lubm,5,17.518,9025488,9028100,515212.23884005024,515361.34261902043,LUBM UBA,,9028100,1419936,18,1056705,15,6.358103463818088,8.543633275133551,0.9422751103463849,0.9503704527562902,0.9164049979577615,,,,,,,,,,,,,,,,,,,,,,,,,"{""index"": 0, ""seed"": 0, ""universities"": 65}",1306 RDF/XML files,
ref_lubm,lubm,6,17.3111,9025488,9028100,521369.98804235435,521520.87389016297,LUBM UBA,,9028100,1419936,18,1056705,15,6.358103463818088,8.543633275133551,0.9422751103463849,0.9503704527562902,0.9164049979577615,,,,,,,,,,,,,,,,,,,,,,,,,"{""index"": 0, ""seed"": 0, ""universities"": 65}",1306 RDF/XML files,
ref_lubm,lubm,7,17.475,9025488,9028100,516479.99999999994,516629.4706723891,LUBM UBA,,9028100,1419936,18,1056705,15,6.358103463818088,8.543633275133551,0.9422751103463849,0.9503704527562902,0.9164049979577615,,,,,,,,,,,,,,,,,,,,,,,,,"{""index"": 0, ""seed"": 0, ""universities"": 65}",1306 RDF/XML files,
ref_lubm,lubm,8,17.4774,9025488,9028100,516409.0768649799,516558.527012027,LUBM UBA,,9028100,1419936,18,1056705,15,6.358103463818088,8.543633275133551,0.9422751103463849,0.9503704527562902,0.9164049979577615,,,,,,,,,,,,,,,,,,,,,,,,,"{""index"": 0, ""seed"": 0, ""universities"": 65}",1306 RDF/XML files,
ref_lubm,lubm,9,17.3955,9025488,9028100,518840.38975597144,518990.5435313731,LUBM UBA,,9028100,1419936,18,1056705,15,6.358103463818088,8.543633275133551,0.9422751103463849,0.9503704527562902,0.9164049979577615,,,,,,,,,,,,,,,,,,,,,,,,,"{""index"": 0, ""seed"": 0, ""universities"": 65}",1306 RDF/XML files,
ref_lubm,lubm,10,17.0504,9025488,9028100,529341.7163233707,529494.9092103412,LUBM UBA,,9028100,1419936,18,1056705,15,6.358103463818088,8.543633275133551,0.9422751103463849,0.9503704527562902,0.9164049979577615,,,,,,,,,,,,,,,,,,,,,,,,,"{""index"": 0, ""seed"": 0, ""universities"": 65}",1306 RDF/XML files,
ref_lubm,lubm,11,17.3382,9025488,9028100,520555.0749212721,520705.72493107704,LUBM UBA,,9028100,1419936,18,1056705,15,6.358103463818088,8.543633275133551,0.9422751103463849,0.9503704527562902,0.9164049979577615,,,,,,,,,,,,,,,,,,,,,,,,,"{""index"": 0, ""seed"": 0, ""universities"": 65}",1306 RDF/XML files,
ref_lubm,lubm,12,17.2467,9025488,9028100,523316.8084329176,523468.25769567507,LUBM UBA,,9028100,1419936,18,1056705,15,6.358103463818088,8.543633275133551,0.9422751103463849,0.9503704527562902,0.9164049979577615,,,,,,,,,,,,,,,,,,,,,,,,,"{""index"": 0, ""seed"": 0, ""universities"": 65}",1306 RDF/XML files,
ref_lubm,lubm,13,17.3942,9025488,9028100,518879.16661875794,519029.33161628584,LUBM UBA,,9028100,1419936,18,1056705,15,6.358103463818088,8.543633275133551,0.9422751103463849,0.9503704527562902,0.9164049979577615,,,,,,,,,,,,,,,,,,,,,,,,,"{""index"": 0, ""seed"": 0, ""universities"": 65}",1306 RDF/XML files,
ref_lubm,lubm,14,17.3959,9025488,9028100,518828.4595795561,518978.6099023333,LUBM UBA,,9028100,1419936,18,1056705,15,6.358103463818088,8.543633275133551,0.9422751103463849,0.9503704527562902,0.9164049979577615,,,,,,,,,,,,,,,,,,,,,,,,,"{""index"": 0, ""seed"": 0, ""universities"": 65}",1306 RDF/XML files,
ref_lubm,lubm,15,17.1719,9025488,9028100,525596.352180015,525748.4611487371,LUBM UBA,,9028100,1419936,18,1056705,15,6.358103463818088,8.543633275133551,0.9422751103463849,0.9503704527562902,0.9164049979577615,,,,,,,,,,,,,,,,,,,,,,,,,"{""index"": 0, ""seed"": 0, ""universities"": 65}",1306 RDF/XML files,
ref_lubm,lubm,16,17.3687,9025488,9028100,519640.9633421039,519791.3488056101,LUBM UBA,,9028100,1419936,18,1056705,15,6.358103463818088,8.543633275133551,0.9422751103463849,0.9503704527562902,0.9164049979577615,,,,,,,,,,,,,,,,,,,,,,,,,"{""index"": 0, ""seed"": 0, ""universities"": 65}",1306 RDF/XML files,
ref_lubm,lubm,17,17.4628,9025488,9028100,516840.8273587282,516990.4024555054,LUBM UBA,,9028100,1419936,18,1056705,15,6.358103463818088,8.543633275133551,0.9422751103463849,0.9503704527562902,0.9164049979577615,,,,,,,,,,,,,,,,,,,,,,,,,"{""index"": 0, ""seed"": 0, ""universities"": 65}",1306 RDF/XML files,
ref_lubm,lubm,18,17.16,9025488,9028100,525960.8391608392,526113.0536130536,LUBM UBA,,9028100,1419936,18,1056705,15,6.358103463818088,8.543633275133551,0.9422751103463849,0.9503704527562902,0.9164049979577615,,,,,,,,,,,,,,,,,,,,,,,,,"{""index"": 0, ""seed"": 0, ""universities"": 65}",1306 RDF/XML files,
ref_lubm,lubm,19,17.3811,9025488,9028100,519270.2418143846,519420.5199901042,LUBM UBA,,9028100,1419936,18,1056705,15,6.358103463818088,8.543633275133551,0.9422751103463849,0.9503704527562902,0.9164049979577615,,,,,,,,,,,,,,,,,,,,,,,,,"{""index"": 0, ""seed"": 0, ""universities"": 65}",1306 RDF/XML files,
ref_lubm,lubm,20,17.456,9025488,9028100,517042.1631530706,517191.79651695694,LUBM UBA,,9028100,1419936,18,1056705,15,6.358103463818088,8.543633275133551,0.9422751103463849,0.9503704527562902,0.9164049979577615,,,,,,,,,,,,,,,,,,,,,,,,,"{""index"": 0, ""seed"": 0, ""universities"": 65}",1306 RDF/XML files,
ref_lubm,lubm,21,17.2432,9025488,9028100,523423.03052797617,523574.5105316878,LUBM UBA,,9028100,1419936,18,1056705,15,6.358103463818088,8.543633275133551,0.9422751103463849,0.9503704527562902,0.9164049979577615,,,,,,,,,,,,,,,,,,,,,,,,,"{""index"": 0, ""seed"": 0, ""universities"": 65}",1306 RDF/XML files,
ref_lubm,lubm,22,17.3185,9025488,9028100,521147.21251840517,521298.0338943904,LUBM UBA,,9028100,1419936,18,1056705,15,6.358103463818088,8.543633275133551,0.9422751103463849,0.9503704527562902,0.9164049979577615,,,,,,,,,,,,,,,,,,,,,,,,,"{""index"": 0, ""seed"": 0, ""universities"": 65}",1306 RDF/XML files,
ref_lubm,lubm,23,17.2825,9025488,9028100,522232.77882250835,522383.9143642413,LUBM UBA,,9028100,1419936,18,1056705,15,6.358103463818088,8.543633275133551,0.9422751103463849,0.9503704527562902,0.9164049979577615,,,,,,,,,,,,,,,,,,,,,,,,,"{""index"": 0, ""seed"": 0, ""universities"": 65}",1306 RDF/XML files,
ref_lubm,lubm,24,16.8836,9025488,9028100,534571.2999597242,534726.0063019735,LUBM UBA,,9028100,1419936,18,1056705,15,6.358103463818088,8.543633275133551,0.9422751103463849,0.9503704527562902,0.9164049979577615,,,,,,,,,,,,,,,,,,,,,,,,,"{""index"": 0, ""seed"": 0, ""universities"": 65}",1306 RDF/XML files,
ref_lubm,lubm,25,17.3252,9025488,9028100,520945.674508808,521096.4375591624,LUBM UBA,,9028100,1419936,18,1056705,15,6.358103463818088,8.543633275133551,0.9422751103463849,0.9503704527562902,0.9164049979577615,,,,,,,,,,,,,,,,,,,,,,,,,"{""index"": 0, ""seed"": 0, ""universities"": 65}",1306 RDF/XML files,
ref_lubm,lubm,26,17.0144,9025488,9028100,530461.7265375212,530615.2435583976,LUBM UBA,,9028100,1419936,18,1056705,15,6.358103463818088,8.543633275133551,0.9422751103463849,0.9503704527562902,0.9164049979577615,,,,,,,,,,,,,,,,,,,,,,,,,"{""index"": 0, ""seed"": 0, ""universities"": 65}",1306 RDF/XML files,
ref_lubm,lubm,27,17.3746,9025488,9028100,519464.5056576842,519614.84005387174,LUBM UBA,,9028100,1419936,18,1056705,15,6.358103463818088,8.543633275133551,0.9422751103463849,0.9503704527562902,0.9164049979577615,,,,,,,,,,,,,,,,,,,,,,,,,"{""index"": 0, ""seed"": 0, ""universities"": 65}",1306 RDF/XML files,
ref_lubm,lubm,28,17.5145,9025488,9028100,515315.19598047325,515464.3295555111,LUBM UBA,,9028100,1419936,18,1056705,15,6.358103463818088,8.543633275133551,0.9422751103463849,0.9503704527562902,0.9164049979577615,,,,,,,,,,,,,,,,,,,,,,,,,"{""index"": 0, ""seed"": 0, ""universities"": 65}",1306 RDF/XML files,
ref_lubm,lubm,29,17.516,9025488,9028100,515271.06645352824,515420.18725736474,LUBM UBA,,9028100,1419936,18,1056705,15,6.358103463818088,8.543633275133551,0.9422751103463849,0.9503704527562902,0.9164049979577615,,,,,,,,,,,,,,,,,,,,,,,,,"{""index"": 0, ""seed"": 0, ""universities"": 65}",1306 RDF/XML files,
ref_lubm,lubm,30,17.2679,9025488,9028100,522674.3263512066,522825.58967795735,LUBM UBA,,9028100,1419936,18,1056705,15,6.358103463818088,8.543633275133551,0.9422751103463849,0.9503704527562902,0.9164049979577615,,,,,,,,,,,,,,,,,,,,,,,,,"{""index"": 0, ""seed"": 0, ""universities"": 65}",1306 RDF/XML files,
ref_bsbm,bsbm,1,4.56,1507781,1507781,330653.72807017545,330653.72807017545,bsbmtools,,1507781,139080,40,310536,209,10.841105838366408,4.855414509106835,0.9414045476602321,0.9483028211216958,0.8149867338161376,,,,,,,,,,,,,,,,,,,,,,,,,"{""format"": ""ttl"", ""forward_chaining"": true, ""products"": 4200}",,
ref_bsbm,bsbm,2,4.3815,1507781,1507781,344124.38662558486,344124.38662558486,bsbmtools,,1507781,139080,40,310536,209,10.841105838366408,4.855414509106835,0.9414045476602321,0.9483028211216958,0.8149867338161376,,,,,,,,,,,,,,,,,,,,,,,,,"{""format"": ""ttl"", ""forward_chaining"": true, ""products"": 4200}",,
ref_bsbm,bsbm,3,4.3812,1507781,1507781,344147.9503332421,344147.9503332421,bsbmtools,,1507781,139080,40,310536,209,10.841105838366408,4.855414509106835,0.9414045476602321,0.9483028211216958,0.8149867338161376,,,,,,,,,,,,,,,,,,,,,,,,,"{""format"": ""ttl"", ""forward_chaining"": true, ""products"": 4200}",,
ref_bsbm,bsbm,4,4.4143,1507781,1507781,341567.40593072516,341567.40593072516,bsbmtools,,1507781,139080,40,310536,209,10.841105838366408,4.855414509106835,0.9414045476602321,0.9483028211216958,0.8149867338161376,,,,,,,,,,,,,,,,,,,,,,,,,"{""format"": ""ttl"", ""forward_chaining"": true, ""products"": 4200}",,
ref_bsbm,bsbm,5,4.5005,1507781,1507781,335025.2194200645,335025.2194200645,bsbmtools,,1507781,139080,40,310536,209,10.841105838366408,4.855414509106835,0.9414045476602321,0.9483028211216958,0.8149867338161376,,,,,,,,,,,,,,,,,,,,,,,,,"{""format"": ""ttl"", ""forward_chaining"": true, ""products"": 4200}",,
ref_bsbm,bsbm,6,4.5591,1507781,1507781,330719.0015573249,330719.0015573249,bsbmtools,,1507781,139080,40,310536,209,10.841105838366408,4.855414509106835,0.9414045476602321,0.9483028211216958,0.8149867338161376,,,,,,,,,,,,,,,,,,,,,,,,,"{""format"": ""ttl"", ""forward_chaining"": true, ""products"": 4200}",,
ref_bsbm,bsbm,7,4.3739,1507781,1507781,344722.3301858753,344722.3301858753,bsbmtools,,1507781,139080,40,310536,209,10.841105838366408,4.855414509106835,0.9414045476602321,0.9483028211216958,0.8149867338161376,,,,,,,,,,,,,,,,,,,,,,,,,"{""format"": ""ttl"", ""forward_chaining"": true, ""products"": 4200}",,
ref_bsbm,bsbm,8,4.5361,1507781,1507781,332395.8907431494,332395.8907431494,bsbmtools,,1507781,139080,40,310536,209,10.841105838366408,4.855414509106835,0.9414045476602321,0.9483028211216958,0.8149867338161376,,,,,,,,,,,,,,,,,,,,,,,,,"{""format"": ""ttl"", ""forward_chaining"": true, ""products"": 4200}",,
ref_bsbm,bsbm,9,4.3845,1507781,1507781,343888.92690158513,343888.92690158513,bsbmtools,,1507781,139080,40,310536,209,10.841105838366408,4.855414509106835,0.9414045476602321,0.9483028211216958,0.8149867338161376,,,,,,,,,,,,,,,,,,,,,,,,,"{""format"": ""ttl"", ""forward_chaining"": true, ""products"": 4200}",,
ref_bsbm,bsbm,10,4.4055,1507781,1507781,342249.6878901373,342249.6878901373,bsbmtools,,1507781,139080,40,310536,209,10.841105838366408,4.855414509106835,0.9414045476602321,0.9483028211216958,0.8149867338161376,,,,,,,,,,,,,,,,,,,,,,,,,"{""format"": ""ttl"", ""forward_chaining"": true, ""products"": 4200}",,
ref_bsbm,bsbm,11,4.4381,1507781,1507781,339735.69770847884,339735.69770847884,bsbmtools,,1507781,139080,40,310536,209,10.841105838366408,4.855414509106835,0.9414045476602321,0.9483028211216958,0.8149867338161376,,,,,,,,,,,,,,,,,,,,,,,,,"{""format"": ""ttl"", ""forward_chaining"": true, ""products"": 4200}",,
ref_bsbm,bsbm,12,4.5162,1507781,1507781,333860.5464771268,333860.5464771268,bsbmtools,,1507781,139080,40,310536,209,10.841105838366408,4.855414509106835,0.9414045476602321,0.9483028211216958,0.8149867338161376,,,,,,,,,,,,,,,,,,,,,,,,,"{""format"": ""ttl"", ""forward_chaining"": true, ""products"": 4200}",,
ref_bsbm,bsbm,13,4.3753,1507781,1507781,344612.02660389,344612.02660389,bsbmtools,,1507781,139080,40,310536,209,10.841105838366408,4.855414509106835,0.9414045476602321,0.9483028211216958,0.8149867338161376,,,,,,,,,,,,,,,,,,,,,,,,,"{""format"": ""ttl"", ""forward_chaining"": true, ""products"": 4200}",,
ref_bsbm,bsbm,14,4.5153,1507781,1507781,333927.0923305207,333927.0923305207,bsbmtools,,1507781,139080,40,310536,209,10.841105838366408,4.855414509106835,0.9414045476602321,0.9483028211216958,0.8149867338161376,,,,,,,,,,,,,,,,,,,,,,,,,"{""format"": ""ttl"", ""forward_chaining"": true, ""products"": 4200}",,
ref_bsbm,bsbm,15,4.3152,1507781,1507781,349411.61475713755,349411.61475713755,bsbmtools,,1507781,139080,40,310536,209,10.841105838366408,4.855414509106835,0.9414045476602321,0.9483028211216958,0.8149867338161376,,,,,,,,,,,,,,,,,,,,,,,,,"{""format"": ""ttl"", ""forward_chaining"": true, ""products"": 4200}",,
ref_bsbm,bsbm,16,4.3805,1507781,1507781,344202.94486930716,344202.94486930716,bsbmtools,,1507781,139080,40,310536,209,10.841105838366408,4.855414509106835,0.9414045476602321,0.9483028211216958,0.8149867338161376,,,,,,,,,,,,,,,,,,,,,,,,,"{""format"": ""ttl"", ""forward_chaining"": true, ""products"": 4200}",,
ref_bsbm,bsbm,17,4.3668,1507781,1507781,345282.81579188426,345282.81579188426,bsbmtools,,1507781,139080,40,310536,209,10.841105838366408,4.855414509106835,0.9414045476602321,0.9483028211216958,0.8149867338161376,,,,,,,,,,,,,,,,,,,,,,,,,"{""format"": ""ttl"", ""forward_chaining"": true, ""products"": 4200}",,
ref_bsbm,bsbm,18,4.4301,1507781,1507781,340349.2020496151,340349.2020496151,bsbmtools,,1507781,139080,40,310536,209,10.841105838366408,4.855414509106835,0.9414045476602321,0.9483028211216958,0.8149867338161376,,,,,,,,,,,,,,,,,,,,,,,,,"{""format"": ""ttl"", ""forward_chaining"": true, ""products"": 4200}",,
ref_bsbm,bsbm,19,4.3773,1507781,1507781,344454.5724533388,344454.5724533388,bsbmtools,,1507781,139080,40,310536,209,10.841105838366408,4.855414509106835,0.9414045476602321,0.9483028211216958,0.8149867338161376,,,,,,,,,,,,,,,,,,,,,,,,,"{""format"": ""ttl"", ""forward_chaining"": true, ""products"": 4200}",,
ref_bsbm,bsbm,20,4.3532,1507781,1507781,346361.5271524396,346361.5271524396,bsbmtools,,1507781,139080,40,310536,209,10.841105838366408,4.855414509106835,0.9414045476602321,0.9483028211216958,0.8149867338161376,,,,,,,,,,,,,,,,,,,,,,,,,"{""format"": ""ttl"", ""forward_chaining"": true, ""products"": 4200}",,
ref_bsbm,bsbm,21,4.3013,1507781,1507781,350540.7667449376,350540.7667449376,bsbmtools,,1507781,139080,40,310536,209,10.841105838366408,4.855414509106835,0.9414045476602321,0.9483028211216958,0.8149867338161376,,,,,,,,,,,,,,,,,,,,,,,,,"{""format"": ""ttl"", ""forward_chaining"": true, ""products"": 4200}",,
ref_bsbm,bsbm,22,4.4306,1507781,1507781,340310.7931205706,340310.7931205706,bsbmtools,,1507781,139080,40,310536,209,10.841105838366408,4.855414509106835,0.9414045476602321,0.9483028211216958,0.8149867338161376,,,,,,,,,,,,,,,,,,,,,,,,,"{""format"": ""ttl"", ""forward_chaining"": true, ""products"": 4200}",,
ref_bsbm,bsbm,23,4.4157,1507781,1507781,341459.11180560273,341459.11180560273,bsbmtools,,1507781,139080,40,310536,209,10.841105838366408,4.855414509106835,0.9414045476602321,0.9483028211216958,0.8149867338161376,,,,,,,,,,,,,,,,,,,,,,,,,"{""format"": ""ttl"", ""forward_chaining"": true, ""products"": 4200}",,
ref_bsbm,bsbm,24,4.3629,1507781,1507781,345591.46439294965,345591.46439294965,bsbmtools,,1507781,139080,40,310536,209,10.841105838366408,4.855414509106835,0.9414045476602321,0.9483028211216958,0.8149867338161376,,,,,,,,,,,,,,,,,,,,,,,,,"{""format"": ""ttl"", ""forward_chaining"": true, ""products"": 4200}",,
ref_bsbm,bsbm,25,4.4011,1507781,1507781,342591.8520369908,342591.8520369908,bsbmtools,,1507781,139080,40,310536,209,10.841105838366408,4.855414509106835,0.9414045476602321,0.9483028211216958,0.8149867338161376,,,,,,,,,,,,,,,,,,,,,,,,,"{""format"": ""ttl"", ""forward_chaining"": true, ""products"": 4200}",,
ref_bsbm,bsbm,26,4.4178,1507781,1507781,341296.7993118747,341296.7993118747,bsbmtools,,1507781,139080,40,310536,209,10.841105838366408,4.855414509106835,0.9414045476602321,0.9483028211216958,0.8149867338161376,,,,,,,,,,,,,,,,,,,,,,,,,"{""format"": ""ttl"", ""forward_chaining"": true, ""products"": 4200}",,
ref_bsbm,bsbm,27,4.2784,1507781,1507781,352417.0250560957,352417.0250560957,bsbmtools,,1507781,139080,40,310536,209,10.841105838366408,4.855414509106835,0.9414045476602321,0.9483028211216958,0.8149867338161376,,,,,,,,,,,,,,,,,,,,,,,,,"{""format"": ""ttl"", ""forward_chaining"": true, ""products"": 4200}",,
ref_bsbm,bsbm,28,4.379,1507781,1507781,344320.84950902034,344320.84950902034,bsbmtools,,1507781,139080,40,310536,209,10.841105838366408,4.855414509106835,0.9414045476602321,0.9483028211216958,0.8149867338161376,,,,,,,,,,,,,,,,,,,,,,,,,"{""format"": ""ttl"", ""forward_chaining"": true, ""products"": 4200}",,
ref_bsbm,bsbm,29,4.435,1507781,1507781,339973.1679819617,339973.1679819617,bsbmtools,,1507781,139080,40,310536,209,10.841105838366408,4.855414509106835,0.9414045476602321,0.9483028211216958,0.8149867338161376,,,,,,,,,,,,,,,,,,,,,,,,,"{""format"": ""ttl"", ""forward_chaining"": true, ""products"": 4200}",,
ref_bsbm,bsbm,30,4.4142,1507781,1507781,341575.143853926,341575.143853926,bsbmtools,,1507781,139080,40,310536,209,10.841105838366408,4.855414509106835,0.9414045476602321,0.9483028211216958,0.8149867338161376,,,,,,,,,,,,,,,,,,,,,,,,,"{""format"": ""ttl"", ""forward_chaining"": true, ""products"": 4200}",,
ref_watdiv_high,watdiv,1,10.4741,8712000,8712000,831765.9751195806,831765.9751195806,WatDiv,v0.6,8712000,1305000,16,3112438,11,6.675862068965517,2.7990919015896862,0.9993101770437035,0.9993730407523511,0.9977272727272727,,,,,,,,,,,,,,,,,,,,,,,,,"{""model"": ""lubm/lubm-watdiv.txt.template"", ""property_fill"": 1.0, ""scale_factor"": 900}",property fill 1.0 substituted into the model,
ref_watdiv_high,watdiv,2,12.3083,8712000,8712000,707815.0516318257,707815.0516318257,WatDiv,v0.6,8712000,1305000,16,3112523,11,6.675862068965517,2.7990154610905686,0.9993101770437035,0.9993730407523511,0.9977272727272727,,,,,,,,,,,,,,,,,,,,,,,,,"{""model"": ""lubm/lubm-watdiv.txt.template"", ""property_fill"": 1.0, ""scale_factor"": 900}",property fill 1.0 substituted into the model,
ref_watdiv_high,watdiv,3,11.2214,8712000,8712000,776373.714509776,776373.714509776,WatDiv,v0.6,8712000,1305000,16,3112643,11,6.675862068965517,2.7989075521992084,0.9993101770437035,0.9993730407523511,0.9977272727272727,,,,,,,,,,,,,,,,,,,,,,,,,"{""model"": ""lubm/lubm-watdiv.txt.template"", ""property_fill"": 1.0, ""scale_factor"": 900}",property fill 1.0 substituted into the model,
ref_watdiv_high,watdiv,4,11.6169,8712000,8712000,749941.894997805,749941.894997805,WatDiv,v0.6,8712000,1305000,16,3112381,11,6.675862068965517,2.7991431640277975,0.9993101770437035,0.9993730407523511,0.9977272727272727,,,,,,,,,,,,,,,,,,,,,,,,,"{""model"": ""lubm/lubm-watdiv.txt.template"", ""property_fill"": 1.0, ""scale_factor"": 900}",property fill 1.0 substituted into the model,
ref_watdiv_high,watdiv,5,10.5797,8712000,8712000,823463.8033214551,823463.8033214551,WatDiv,v0.6,8712000,1305000,16,3112087,11,6.675862068965517,2.7994076001088657,0.9993101770437035,0.9993730407523511,0.9977272727272727,,,,,,,,,,,,,,,,,,,,,,,,,"{""model"": ""lubm/lubm-watdiv.txt.template"", ""property_fill"": 1.0, ""scale_factor"": 900}",property fill 1.0 substituted into the model,
ref_watdiv_high,watdiv,6,10.7429,8712000,8712000,810954.2116188366,810954.2116188366,WatDiv,v0.6,8712000,1305000,16,3112634,11,6.675862068965517,2.798915645077449,0.9993101770437035,0.9993730407523511,0.9977272727272727,,,,,,,,,,,,,,,,,,,,,,,,,"{""model"": ""lubm/lubm-watdiv.txt.template"", ""property_fill"": 1.0, ""scale_factor"": 900}",property fill 1.0 substituted into the model,
ref_watdiv_high,watdiv,7,10.8593,8712000,8712000,802261.6559078394,802261.6559078394,WatDiv,v0.6,8712000,1305000,16,3111819,11,6.675862068965517,2.7996486942203256,0.9993101770437035,0.9993730407523511,0.9977272727272727,,,,,,,,,,,,,,,,,,,,,,,,,"{""model"": ""lubm/lubm-watdiv.txt.template"", ""property_fill"": 1.0, ""scale_factor"": 900}",property fill 1.0 substituted into the model,
ref_watdiv_high,watdiv,8,10.3804,8712000,8712000,839274.0164155524,839274.0164155524,WatDiv,v0.6,8712000,1305000,16,3112358,11,6.675862068965517,2.7991638494029285,0.9993101770437035,0.9993730407523511,0.9977272727272727,,,,,,,,,,,,,,,,,,,,,,,,,"{""model"": ""lubm/lubm-watdiv.txt.template"", ""property_fill"": 1.0, ""scale_factor"": 900}",property fill 1.0 substituted into the model,
ref_watdiv_high,watdiv,9,11.2212,8712000,8712000,776387.5521334617,776387.5521334617,WatDiv,v0.6,8712000,1305000,16,3112106,11,6.675862068965517,2.799390509192168,0.9993101770437035,0.9993730407523511,0.9977272727272727,,,,,,,,,,,,,,,,,,,,,,,,,"{""model"": ""lubm/lubm-watdiv.txt.template"", ""property_fill"": 1.0, ""scale_factor"": 900}",property fill 1.0 substituted into the model,
ref_watdiv_high,watdiv,10,10.5135,8712000,8712000,828648.8800114138,828648.8800114138,WatDiv,v0.6,8712000,1305000,16,3112613,11,6.675862068965517,2.7989345286420124,0.9993101770437035,0.9993730407523511,0.9977272727272727,,,,,,,,,,,,,,,,,,,,,,,,,"{""model"": ""lubm/lubm-watdiv.txt.template"", ""property_fill"": 1.0, ""scale_factor"": 900}",property fill 1.0 substituted into the model,
ref_watdiv_high,watdiv,11,10.1915,8712000,8712000,854830.0053966541,854830.0053966541,WatDiv,v0.6,8712000,1305000,16,3112766,11,6.675862068965517,2.7987969542201374,0.9993101770437035,0.9993730407523511,0.9977272727272727,,,,,,,,,,,,,,,,,,,,,,,,,"{""model"": ""lubm/lubm-watdiv.txt.template"", ""property_fill"": 1.0, ""scale_factor"": 900}",property fill 1.0 substituted into the model,
ref_watdiv_high,watdiv,12,10.5813,8712000,8712000,823339.2872331376,823339.2872331376,WatDiv,v0.6,8712000,1305000,16,3112351,11,6.675862068965517,2.7991701450125643,0.9993101770437035,0.9993730407523511,0.9977272727272727,,,,,,,,,,,,,,,,,,,,,,,,,"{""model"": ""lubm/lubm-watdiv.txt.template"", ""property_fill"": 1.0, ""scale_factor"": 900}",property fill 1.0 substituted into the model,
ref_watdiv_high,watdiv,13,10.9598,8712000,8712000,794905.0165148999,794905.0165148999,WatDiv,v0.6,8712000,1305000,16,3112645,11,6.675862068965517,2.7989057537881767,0.9993101770437035,0.9993730407523511,0.9977272727272727,,,,,,,,,,,,,,,,,,,,,,,,,"{""model"": ""lubm/lubm-watdiv.txt.template"", ""property_fill"": 1.0, ""scale_factor"": 900}",property fill 1.0 substituted into the model,
ref_watdiv_high,watdiv,14,11.0992,8712000,8712000,784921.4357791552,784921.4357791552,WatDiv,v0.6,8712000,1305000,16,3112646,11,6.675862068965517,2.798904854583528,0.9993101770437035,0.9993730407523511,0.9977272727272727,,,,,,,,,,,,,,,,,,,,,,,,,"{""model"": ""lubm/lubm-watdiv.txt.template"", ""property_fill"": 1.0, ""scale_factor"": 900}",property fill 1.0 substituted into the model,
ref_watdiv_high,watdiv,15,10.6008,8712000,8712000,821824.7679420421,821824.7679420421,WatDiv,v0.6,8712000,1305000,16,3112409,11,6.675862068965517,2.7991179822446215,0.9993101770437035,0.9993730407523511,0.9977272727272727,,,,,,,,,,,,,,,,,,,,,,,,,"{""model"": ""lubm/lubm-watdiv.txt.template"", ""property_fill"": 1.0, ""scale_factor"": 900}",property fill 1.0 substituted into the model,
ref_watdiv_high,watdiv,16,10.5735,8712000,8712000,823946.6591005817,823946.6591005817,WatDiv,v0.6,8712000,1305000,16,3112283,11,6.675862068965517,2.799231303837087,0.9993101770437035,0.9993730407523511,0.9977272727272727,,,,,,,,,,,,,,,,,,,,,,,,,"{""model"": ""lubm/lubm-watdiv.txt.template"", ""property_fill"": 1.0, ""scale_factor"": 900}",property fill 1.0 substituted into the model,
ref_watdiv_high,watdiv,17,10.4173,8712000,8712000,836301.1528899043,836301.1528899043,WatDiv,v0.6,8712000,1305000,16,3111795,11,6.675862068965517,2.799670286763749,0.9993101770437035,0.9993730407523511,0.9977272727272727,,,,,,,,,,,,,,,,,,,,,,,,,"{""model"": ""lubm/lubm-watdiv.txt.template"", ""property_fill"": 1.0, ""scale_factor"": 900}",property fill 1.0 substituted into the model,
ref_watdiv_high,watdiv,18,10.2872,8712000,8712000,846877.6732249786,846877.6732249786,WatDiv,v0.6,8712000,1305000,16,3112649,11,6.675862068965517,2.798902156973048,0.9993101770437035,0.9993730407523511,0.9977272727272727,,,,,,,,,,,,,,,,,,,,,,,,,"{""model"": ""lubm/lubm-watdiv.txt.template"", ""property_fill"": 1.0, ""scale_factor"": 900}",property fill 1.0 substituted into the model,
ref_watdiv_high,watdiv,19,10.3753,8712000,8712000,839686.563280098,839686.563280098,WatDiv,v0.6,8712000,1305000,16,3112375,11,6.675862068965517,2.79914856018314,0.9993101770437035,0.9993730407523511,0.9977272727272727,,,,,,,,,,,,,,,,,,,,,,,,,"{""model"": ""lubm/lubm-watdiv.txt.template"", ""property_fill"": 1.0, ""scale_factor"": 900}",property fill 1.0 substituted into the model,
ref_watdiv_high,watdiv,20,10.5139,8712000,8712000,828617.3541692427,828617.3541692427,WatDiv,v0.6,8712000,1305000,16,3112733,11,6.675862068965517,2.798826625990729,0.9993101770437035,0.9993730407523511,0.9977272727272727,,,,,,,,,,,,,,,,,,,,,,,,,"{""model"": ""lubm/lubm-watdiv.txt.template"", ""property_fill"": 1.0, ""scale_factor"": 900}",property fill 1.0 substituted into the model,
ref_watdiv_high,watdiv,21,10.5727,8712000,8712000,824009.0043224532,824009.0043224532,WatDiv,v0.6,8712000,1305000,16,3112307,11,6.675862068965517,2.7992097180644455,0.9993101770437035,0.9993730407523511,0.9977272727272727,,,,,,,,,,,,,,,,,,,,,,,,,"{""model"": ""lubm/lubm-watdiv.txt.template"", ""property_fill"": 1.0, ""scale_factor"": 900}",property fill 1.0 substituted into the model,
ref_watdiv_high,watdiv,22,10.6387,8712000,8712000,818897.0456916728,818897.0456916728,WatDiv,v0.6,8712000,1305000,16,3112485,11,6.675862068965517,2.7990496339741395,0.9993101770437035,0.9993730407523511,0.9977272727272727,,,,,,,,,,,,,,,,,,,,,,,,,"{""model"": ""lubm/lubm-watdiv.txt.template"", ""property_fill"": 1.0, ""scale_factor"": 900}",property fill 1.0 substituted into the model,
ref_watdiv_high,watdiv,23,10.461,8712000,8712000,832807.570977918,832807.570977918,WatDiv,v0.6,8712000,1305000,16,3111949,11,6.675862068965517,2.7995317403980593,0.9993101770437035,0.9993730407523511,0.9977272727272727,,,,,,,,,,,,,,,,,,,,,,,,,"{""model"": ""lubm/lubm-watdiv.txt.template"", ""property_fill"": 1.0, ""scale_factor"": 900}",property fill 1.0 substituted into the model,
ref_watdiv_high,watdiv,24,10.5333,8712000,8712000,827091.2249722308,827091.2249722308,WatDiv,v0.6,8712000,1305000,16,3112772,11,6.675862068965517,2.7987915594203496,0.9993101770437035,0.9993730407523511,0.9977272727272727,,,,,,,,,,,,,,,,,,,,,,,,,"{""model"": ""lubm/lubm-watdiv.txt.template"", ""property_fill"": 1.0, ""scale_factor"": 900}",property fill 1.0 substituted into the model,
ref_watdiv_high,watdiv,25,10.4348,8712000,8712000,834898.6085023192,834898.6085023192,WatDiv,v0.6,8712000,1305000,16,3112348,11,6.675862068965517,2.7991728431396488,0.9993101770437035,0.9993730407523511,0.9977272727272727,,,,,,,,,,,,,,,,,,,,,,,,,"{""model"": ""lubm/lubm-watdiv.txt.template"", ""property_fill"": 1.0, ""scale_factor"": 900}",property fill 1.0 substituted into the model,
ref_watdiv_high,watdiv,26,10.5803,8712000,8712000,823417.105375084,823417.105375084,WatDiv,v0.6,8712000,1305000,16,3112193,11,6.675862068965517,2.7993122534495773,0.9993101770437035,0.9993730407523511,0.9977272727272727,,,,,,,,,,,,,,,,,,,,,,,,,"{""model"": ""lubm/lubm-watdiv.txt.template"", ""property_fill"": 1.0, ""scale_factor"": 900}",property fill 1.0 substituted into the model,
ref_watdiv_high,watdiv,27,10.4538,8712000,8712000,833381.162830741,833381.162830741,WatDiv,v0.6,8712000,1305000,16,3112278,11,6.675862068965517,2.799235800914957,0.9993101770437035,0.9993730407523511,0.9977272727272727,,,,,,,,,,,,,,,,,,,,,,,,,"{""model"": ""lubm/lubm-watdiv.txt.template"", ""property_fill"": 1.0, ""scale_factor"": 900}",property fill 1.0 substituted into the model,
ref_watdiv_high,watdiv,28,11.0061,8712000,8712000,791561.0434213754,791561.0434213754,WatDiv,v0.6,8712000,1305000,16,3112096,11,6.675862068965517,2.7993995043854687,0.9993101770437035,0.9993730407523511,0.9977272727272727,,,,,,,,,,,,,,,,,,,,,,,,,"{""model"": ""lubm/lubm-watdiv.txt.template"", ""property_fill"": 1.0, ""scale_factor"": 900}",property fill 1.0 substituted into the model,
ref_watdiv_high,watdiv,29,10.2827,8712000,8712000,847248.2908185594,847248.2908185594,WatDiv,v0.6,8712000,1305000,16,3112419,11,6.675862068965517,2.799108988860433,0.9993101770437035,0.9993730407523511,0.9977272727272727,,,,,,,,,,,,,,,,,,,,,,,,,"{""model"": ""lubm/lubm-watdiv.txt.template"", ""property_fill"": 1.0, ""scale_factor"": 900}",property fill 1.0 substituted into the model,
ref_watdiv_high,watdiv,30,10.4635,8712000,8712000,832608.5917713959,832608.5917713959,WatDiv,v0.6,8712000,1305000,16,3112661,11,6.675862068965517,2.7988913665831263,0.9993101770437035,0.9993730407523511,0.9977272727272727,,,,,,,,,,,,,,,,,,,,,,,,,"{""model"": ""lubm/lubm-watdiv.txt.template"", ""property_fill"": 1.0, ""scale_factor"": 900}",property fill 1.0 substituted into the model,
ref_watdiv_low,watdiv,1,5.4856,3877548,3877548,706859.4137377862,706859.4137377862,WatDiv,v0.6,3877548,1305000,16,1606059,11,2.9713011494252872,2.4143247539473953,0.5154376192566978,0.5994743525844102,0.5882276142376143,,,,,,,,,,,,,,,,,,,,,,,,,"{""model"": ""lubm/lubm-watdiv.txt.template"", ""property_fill"": 0.1, ""scale_factor"": 900}",property fill 0.1 substituted into the model,
ref_watdiv_low,watdiv,2,5.4662,3876462,3876462,709169.441293769,709169.441293769,WatDiv,v0.6,3876462,1305000,16,1604723,11,2.9704689655172416,2.4156580294543044,0.515570848751896,0.5995532521437693,0.5885067983405483,,,,,,,,,,,,,,,,,,,,,,,,,"{""model"": ""lubm/lubm-watdiv.txt.template"", ""property_fill"": 0.1, ""scale_factor"": 900}",property fill 0.1 substituted into the model,
ref_watdiv_low,watdiv,3,5.4904,3875319,3875319,705835.4582544076,705835.4582544076,WatDiv,v0.6,3875319,1305000,16,1605185,11,2.969593103448276,2.4142506938452577,0.5154794311957173,0.5994779712837184,0.5884961531986531,,,,,,,,,,,,,,,,,,,,,,,,,"{""model"": ""lubm/lubm-watdiv.txt.template"", ""property_fill"": 0.1, ""scale_factor"": 900}",property fill 0.1 substituted into the model,
ref_watdiv_low,watdiv,4,5.5297,3879125,3879125,701507.3150442158,701507.3150442158,WatDiv,v0.6,3879125,1305000,16,1606366,11,2.972509578544061,2.414845060216663,0.5157355786766946,0.5996929245934993,0.5886938275613276,,,,,,,,,,,,,,,,,,,,,,,,,"{""model"": ""lubm/lubm-watdiv.txt.template"", ""property_fill"": 0.1, ""scale_factor"": 900}",property fill 0.1 substituted into the model,
ref_watdiv_low,watdiv,5,5.3966,3877343,3877343,718478.8570581477,718478.8570581477,WatDiv,v0.6,3877343,1305000,16,1606369,11,2.971144061302682,2.4137312161776032,0.5156312658379617,0.5996046095879429,0.5883053138528139,,,,,,,,,,,,,,,,,,,,,,,,,"{""model"": ""lubm/lubm-watdiv.txt.template"", ""property_fill"": 0.1, ""scale_factor"": 900}",property fill 0.1 substituted into the model,
ref_watdiv_low,watdiv,6,5.9188,3877307,3877307,655083.2939109278,655083.2939109278,WatDiv,v0.6,3877307,1305000,16,1606011,11,2.9711164750957852,2.414246851360296,0.5155483593997985,0.5995415207079,0.5885784746272246,,,,,,,,,,,,,,,,,,,,,,,,,"{""model"": ""lubm/lubm-watdiv.txt.template"", ""property_fill"": 0.1, ""scale_factor"": 900}",property fill 0.1 substituted into the model,
ref_watdiv_low,watdiv,7,5.6106,3877956,3877956,691183.8306063523,691183.8306063523,WatDiv,v0.6,3877956,1305000,16,1605440,11,2.9716137931034483,2.415509766792904,0.51561273190308,0.5995994392474278,0.5884392183742183,,,,,,,,,,,,,,,,,,,,,,,,,"{""model"": ""lubm/lubm-watdiv.txt.template"", ""property_fill"": 0.1, ""scale_factor"": 900}",property fill 0.1 substituted into the model,
ref_watdiv_low,watdiv,8,5.8381,3878668,3878668,664371.6277556054,664371.6277556054,WatDiv,v0.6,3878668,1305000,16,1606305,11,2.97215938697318,2.414652260934256,0.5157405208356152,0.5997023447391263,0.5886718506493507,,,,,,,,,,,,,,,,,,,,,,,,,"{""model"": ""lubm/lubm-watdiv.txt.template"", ""property_fill"": 0.1, ""scale_factor"": 900}",property fill 0.1 substituted into the model,
ref_watdiv_low,watdiv,9,5.4732,3878629,3878629,708658.371702112,708658.371702112,WatDiv,v0.6,3878629,1305000,16,1606047,11,2.972129501915709,2.415015874379766,0.5155626390912629,0.5995692414014253,0.5883322354497355,,,,,,,,,,,,,,,,,,,,,,,,,"{""model"": ""lubm/lubm-watdiv.txt.template"", ""property_fill"": 0.1, ""scale_factor"": 900}",property fill 0.1 substituted into the model,
ref_watdiv_low,watdiv,10,5.538,3877558,3877558,700172.9866377753,700172.9866377753,WatDiv,v0.6,3877558,1305000,16,1605625,11,2.9713088122605362,2.414983573374854,0.5156015652822368,0.5995903880070547,0.5885416937229437,,,,,,,,,,,,,,,,,,,,,,,,,"{""model"": ""lubm/lubm-watdiv.txt.template"", ""property_fill"": 0.1, ""scale_factor"": 900}",property fill 0.1 substituted into the model,
ref_watdiv_low,watdiv,11,5.4637,3878258,3878258,709822.64765635,709822.64765635,WatDiv,v0.6,3878258,1305000,16,1606579,11,2.9718452107279694,2.413985244423088,0.5157420169910417,0.599698192239859,0.5885169696969696,,,,,,,,,,,,,,,,,,,,,,,,,"{""model"": ""lubm/lubm-watdiv.txt.template"", ""property_fill"": 0.1, ""scale_factor"": 900}",property fill 0.1 substituted into the model,
ref_watdiv_low,watdiv,12,5.4553,3878749,3878749,711005.6275548548,711005.6275548548,WatDiv,v0.6,3878749,1305000,16,1606438,11,2.9722214559386972,2.4145027694812997,0.515645007157267,0.5996333967756381,0.5882827988215488,,,,,,,,,,,,,,,,,,,,,,,,,"{""model"": ""lubm/lubm-watdiv.txt.template"", ""property_fill"": 0.1, ""scale_factor"": 900}",property fill 0.1 substituted into the model,
ref_watdiv_low,watdiv,13,5.4911,3877895,3877895,706214.6018102019,706214.6018102019,WatDiv,v0.6,3877895,1305000,16,1606133,11,2.9715670498084292,2.4144295646749057,0.5157853849433439,0.5997128743648859,0.5886086970899471,,,,,,,,,,,,,,,,,,,,,,,,,"{""model"": ""lubm/lubm-watdiv.txt.template"", ""property_fill"": 0.1, ""scale_factor"": 900}",property fill 0.1 substituted into the model,
ref_watdiv_low,watdiv,14,5.4926,3876473,3876473,705762.8445544915,705762.8445544915,WatDiv,v0.6,3876473,1305000,16,1605481,11,2.9704773946360152,2.4145243699551724,0.5156426433915059,0.5995925055149194,0.5884800396825397,,,,,,,,,,,,,,,,,,,,,,,,,"{""model"": ""lubm/lubm-watdiv.txt.template"", ""property_fill"": 0.1, ""scale_factor"": 900}",property fill 0.1 substituted into the model,
ref_watdiv_low,watdiv,15,5.476,3876513,3876513,707909.6055514974,707909.6055514974,WatDiv,v0.6,3876513,1305000,16,1606260,11,2.9705080459770117,2.4133782824698367,0.5154622872047572,0.5994927425596965,0.5881356379268879,,,,,,,,,,,,,,,,,,,,,,,,,"{""model"": ""lubm/lubm-watdiv.txt.template"", ""property_fill"": 0.1, ""scale_factor"": 900}",property fill 0.1 substituted into the model,
ref_watdiv_low,watdiv,16,5.3951,3877908,3877908,718783.340438546,718783.340438546,WatDiv,v0.6,3877908,1305000,16,1605778,11,2.971577011494253,2.4149714344074957,0.5154549798630269,0.5994899880026316,0.5883095887445887,,,,,,,,,,,,,,,,,,,,,,,,,"{""model"": ""lubm/lubm-watdiv.txt.template"", ""property_fill"": 0.1, ""scale_factor"": 900}",property fill 0.1 substituted into the model,
ref_watdiv_low,watdiv,17,5.9293,3876242,3876242,653743.6122307861,653743.6122307861,WatDiv,v0.6,3876242,1305000,16,1605100,11,2.9703003831417623,2.4149535854463897,0.5154815842005569,0.599483076661525,0.588220266955267,,,,,,,,,,,,,,,,,,,,,,,,,"{""model"": ""lubm/lubm-watdiv.txt.template"", ""property_fill"": 0.1, ""scale_factor"": 900}",property fill 0.1 substituted into the model,
ref_watdiv_low,watdiv,18,5.4674,3877512,3877512,709205.8382412116,709205.8382412116,WatDiv,v0.6,3877512,1305000,16,1606412,11,2.9712735632183906,2.413771809473535,0.5156179654419263,0.5996039793114506,0.5882295592833093,,,,,,,,,,,,,,,,,,,,,,,,,"{""model"": ""lubm/lubm-watdiv.txt.template"", ""property_fill"": 0.1, ""scale_factor"": 900}",property fill 0.1 substituted into the model,
ref_watdiv_low,watdiv,19,5.4996,3876400,3876400,704851.261909957,704851.261909957,WatDiv,v0.6,3876400,1305000,16,1605408,11,2.9704214559386974,2.4145886902270326,0.5155422249297046,0.5995271146052754,0.5882895977633478,,,,,,,,,,,,,,,,,,,,,,,,,"{""model"": ""lubm/lubm-watdiv.txt.template"", ""property_fill"": 0.1, ""scale_factor"": 900}",property fill 0.1 substituted into the model,
ref_watdiv_low,watdiv,20,5.6995,3878214,3878214,680448.109483288,680448.109483288,WatDiv,v0.6,3878214,1305000,16,1606269,11,2.9718114942528735,2.4144237359993874,0.5156203902158212,0.5996076367119471,0.5883311387686387,,,,,,,,,,,,,,,,,,,,,,,,,"{""model"": ""lubm/lubm-watdiv.txt.template"", ""property_fill"": 0.1, ""scale_factor"": 900}",property fill 0.1 substituted into the model,
ref_watdiv_low,watdiv,21,5.7117,3877118,3877118,678802.8082707424,678802.8082707424,WatDiv,v0.6,3877118,1305000,16,1605278,11,2.9709716475095784,2.415231505072642,0.5155153362993159,0.5995160611312911,0.5882825168350169,,,,,,,,,,,,,,,,,,,,,,,,,"{""model"": ""lubm/lubm-watdiv.txt.template"", ""property_fill"": 0.1, ""scale_factor"": 900}",property fill 0.1 substituted into the model,
ref_watdiv_low,watdiv,22,5.544,3877896,3877896,699476.1904761905,699476.1904761905,WatDiv,v0.6,3877896,1305000,16,1606545,11,2.971567816091954,2.4138110043602885,0.5156662818931764,0.5996367134674606,0.5885071236171237,,,,,,,,,,,,,,,,,,,,,,,,,"{""model"": ""lubm/lubm-watdiv.txt.template"", ""property_fill"": 0.1, ""scale_factor"": 900}",property fill 0.1 substituted into the model,
ref_watdiv_low,watdiv,23,5.8251,3876409,3876409,665466.5155962987,665466.5155962987,WatDiv,v0.6,3876409,1305000,16,1605501,11,2.9704283524904214,2.4144544288667524,0.5156079156690678,0.5995812542502198,0.5886223953823954,,,,,,,,,,,,,,,,,,,,,,,,,"{""model"": ""lubm/lubm-watdiv.txt.template"", ""property_fill"": 0.1, ""scale_factor"": 900}",property fill 0.1 substituted into the model,
ref_watdiv_low,watdiv,24,5.5407,3877182,3877182,699763.9287454654,699763.9287454654,WatDiv,v0.6,3877182,1305000,16,1605367,11,2.9710206896551723,2.4151374732382065,0.5154782565756769,0.5994922868532064,0.5882150114237614,,,,,,,,,,,,,,,,,,,,,,,,,"{""model"": ""lubm/lubm-watdiv.txt.template"", ""property_fill"": 0.1, ""scale_factor"": 900}",property fill 0.1 substituted into the model,
ref_watdiv_low,watdiv,25,5.6444,3878846,3878846,687202.5370278506,687202.5370278506,WatDiv,v0.6,3878846,1305000,16,1606747,11,2.972295785440613,2.414098797134832,0.5156537172943478,0.5996437286106826,0.5885473436748436,,,,,,,,,,,,,,,,,,,,,,,,,"{""model"": ""lubm/lubm-watdiv.txt.template"", ""property_fill"": 0.1, ""scale_factor"": 900}",property fill 0.1 substituted into the model,
ref_watdiv_low,watdiv,26,5.2318,3878750,3878750,741379.6398944914,741379.6398944914,WatDiv,v0.6,3878750,1305000,16,1606978,11,2.9722222222222223,2.413692035609697,0.5156532953779027,0.599636277249783,0.588489231000481,,,,,,,,,,,,,,,,,,,,,,,,,"{""model"": ""lubm/lubm-watdiv.txt.template"", ""property_fill"": 0.1, ""scale_factor"": 900}",property fill 0.1 substituted into the model,
ref_watdiv_low,watdiv,27,5.639,3877796,3877796,687674.4103564462,687674.4103564462,WatDiv,v0.6,3877796,1305000,16,1606190,11,2.9714911877394634,2.41428224556248,0.5156396296668073,0.5996108583094215,0.5882989856902356,,,,,,,,,,,,,,,,,,,,,,,,,"{""model"": ""lubm/lubm-watdiv.txt.template"", ""property_fill"": 0.1, ""scale_factor"": 900}",property fill 0.1 substituted into the model,
ref_watdiv_low,watdiv,28,5.5772,3877941,3877941,695320.4116761099,695320.4116761099,WatDiv,v0.6,3877941,1305000,16,1605959,11,2.971602298850575,2.414719802933948,0.5155676470960345,0.5995631484522289,0.5884301893939393,,,,,,,,,,,,,,,,,,,,,,,,,"{""model"": ""lubm/lubm-watdiv.txt.template"", ""property_fill"": 0.1, ""scale_factor"": 900}",property fill 0.1 substituted into the model,
ref_watdiv_low,watdiv,29,5.4105,3876713,3876713,716516.588115701,716516.588115701,WatDiv,v0.6,3876713,1305000,16,1605104,11,2.970661302681992,2.415241006190253,0.5154933395521382,0.5994939975839402,0.5883530098605099,,,,,,,,,,,,,,,,,,,,,,,,,"{""model"": ""lubm/lubm-watdiv.txt.template"", ""property_fill"": 0.1, ""scale_factor"": 900}",property fill 0.1 substituted into the model,
ref_watdiv_low,watdiv,30,5.5134,3877410,3877410,703270.2143867668,703270.2143867668,WatDiv,v0.6,3877410,1305000,16,1605908,11,2.9711954022988505,2.4144658349046146,0.5154662979648312,0.5994825785219463,0.58821731000481,,,,,,,,,,,,,,,,,,,,,,,,,"{""model"": ""lubm/lubm-watdiv.txt.template"", ""property_fill"": 0.1, ""scale_factor"": 900}",property fill 0.1 substituted into the model,
ref_pygraft_high,pygraft,1,14.8494,,39820,,2681.5898285452613,pygraft,,39820,5288,33,3630,47,7.530257186081695,10.969696969696969,0.4410635176169708,0.5848440861181519,0.45974332938403256,,,,,,,,,,,,,,,,,,,,,,,,,"{""avg_instances"": 160, ""avg_relations"": 5, ""classes"": 43, ""max_depth"": 4, ""p_asymmetric"": 0.0, ""p_disjoint"": 0.1, ""p_functional"": 0.05, ""p_inverse"": 0.25, ""p_inverse_functional"": 0.0, ""p_irreflexive"": 0.0, ""p_reflexive"": 0.0, ""p_subclass"": 0.25, ""p_subproperty"": 0.0, ""p_symmetric"": 0.15, ""p_transitive"": 0.15, ""relations"": 32, ""seed"": 42, ""std_instances"": 40, ""std_relations"": 1}",,
ref_pygraft_high,pygraft,2,19.0894,,40200,,2105.8807505736168,pygraft,,40200,5668,29,3988,47,7.092448835568102,10.080240722166499,0.4661946699905071,0.6082398228752578,0.4846621948893944,,,,,,,,,,,,,,,,,,,,,,,,,"{""avg_instances"": 160, ""avg_relations"": 5, ""classes"": 43, ""max_depth"": 4, ""p_asymmetric"": 0.0, ""p_disjoint"": 0.1, ""p_functional"": 0.05, ""p_inverse"": 0.25, ""p_inverse_functional"": 0.0, ""p_irreflexive"": 0.0, ""p_reflexive"": 0.0, ""p_subclass"": 0.25, ""p_subproperty"": 0.0, ""p_symmetric"": 0.15, ""p_transitive"": 0.15, ""relations"": 32, ""seed"": 42, ""std_instances"": 40, ""std_relations"": 1}",,
ref_pygraft_high,pygraft,3,16.4561,,40426,,2456.5966419747087,pygraft,,40426,5896,35,4676,47,6.856512890094979,8.645423438836612,0.3645165045159712,0.4945985116024059,0.3999804303698994,,,,,,,,,,,,,,,,,,,,,,,,,"{""avg_instances"": 160, ""avg_relations"": 5, ""classes"": 43, ""max_depth"": 4, ""p_asymmetric"": 0.0, ""p_disjoint"": 0.1, ""p_functional"": 0.05, ""p_inverse"": 0.25, ""p_inverse_functional"": 0.0, ""p_irreflexive"": 0.0, ""p_reflexive"": 0.0, ""p_subclass"": 0.25, ""p_subproperty"": 0.0, ""p_symmetric"": 0.15, ""p_transitive"": 0.15, ""relations"": 32, ""seed"": 42, ""std_instances"": 40, ""std_relations"": 1}",,
ref_pygraft_high,pygraft,4,16.7737,,40460,,2412.109433219862,pygraft,,40460,5928,31,4618,47,6.825236167341431,8.761368557817237,0.4276722813946678,0.5750617491860335,0.4539895809648545,,,,,,,,,,,,,,,,,,,,,,,,,"{""avg_instances"": 160, ""avg_relations"": 5, ""classes"": 43, ""max_depth"": 4, ""p_asymmetric"": 0.0, ""p_disjoint"": 0.1, ""p_functional"": 0.05, ""p_inverse"": 0.25, ""p_inverse_functional"": 0.0, ""p_irreflexive"": 0.0, ""p_reflexive"": 0.0, ""p_subclass"": 0.25, ""p_subproperty"": 0.0, ""p_symmetric"": 0.15, ""p_transitive"": 0.15, ""relations"": 32, ""seed"": 42, ""std_instances"": 40, ""std_relations"": 1}",,
ref_pygraft_high,pygraft,5,18.2956,,40478,,2212.444522180196,pygraft,,40478,5948,34,4306,47,6.8053127101546735,9.400371574547144,0.3704026682442661,0.49730607639721447,0.40396313988401783,,,,,,,,,,,,,,,,,,,,,,,,,"{""avg_instances"": 160, ""avg_relations"": 5, ""classes"": 43, ""max_depth"": 4, ""p_asymmetric"": 0.0, ""p_disjoint"": 0.1, ""p_functional"": 0.05, ""p_inverse"": 0.25, ""p_inverse_functional"": 0.0, ""p_irreflexive"": 0.0, ""p_reflexive"": 0.0, ""p_subclass"": 0.25, ""p_subproperty"": 0.0, ""p_symmetric"": 0.15, ""p_transitive"": 0.15, ""relations"": 32, ""seed"": 42, ""std_instances"": 40, ""std_relations"": 1}",,
ref_pygraft_high,pygraft,6,16.5857,,40453,,2439.028801919726,pygraft,,40453,5923,35,4531,47,6.829815971635996,8.928051202824983,0.35288912343785106,0.4889323637764561,0.3883488808205381,,,,,,,,,,,,,,,,,,,,,,,,,"{""avg_instances"": 160, ""avg_relations"": 5, ""classes"": 43, ""max_depth"": 4, ""p_asymmetric"": 0.0, ""p_disjoint"": 0.1, ""p_functional"": 0.05, ""p_inverse"": 0.25, ""p_inverse_functional"": 0.0, ""p_irreflexive"": 0.0, ""p_reflexive"": 0.0, ""p_subclass"": 0.25, ""p_subproperty"": 0.0, ""p_symmetric"": 0.15, ""p_transitive"": 0.15, ""relations"": 32, ""seed"": 42, ""std_instances"": 40, ""std_relations"": 1}",,
ref_pygraft_high,pygraft,7,14.8528,,40478,,2725.2773887751805,pygraft,,40478,5948,35,4498,47,6.8053127101546735,8.999110715873721,0.3368590365429231,0.4730535707625335,0.37496150589741883,,,,,,,,,,,,,,,,,,,,,,,,,"{""avg_instances"": 160, ""avg_relations"": 5, ""classes"": 43, ""max_depth"": 4, ""p_asymmetric"": 0.0, ""p_disjoint"": 0.1, ""p_functional"": 0.05, ""p_inverse"": 0.25, ""p_inverse_functional"": 0.0, ""p_irreflexive"": 0.0, ""p_reflexive"": 0.0, ""p_subclass"": 0.25, ""p_subproperty"": 0.0, ""p_symmetric"": 0.15, ""p_transitive"": 0.15, ""relations"": 32, ""seed"": 42, ""std_instances"": 40, ""std_relations"": 1}",,
ref_pygraft_high,pygraft,8,15.9448,,40436,,2535.999197230445,pygraft,,40436,5906,33,4080,47,6.846596681341009,9.91078431372549,0.3621894004873245,0.4973813950867704,0.39373641415208044,,,,,,,,,,,,,,,,,,,,,,,,,"{""avg_instances"": 160, ""avg_relations"": 5, ""classes"": 43, ""max_depth"": 4, ""p_asymmetric"": 0.0, ""p_disjoint"": 0.1, ""p_functional"": 0.05, ""p_inverse"": 0.25, ""p_inverse_functional"": 0.0, ""p_irreflexive"": 0.0, ""p_reflexive"": 0.0, ""p_subclass"": 0.25, ""p_subproperty"": 0.0, ""p_symmetric"": 0.15, ""p_transitive"": 0.15, ""relations"": 32, ""seed"": 42, ""std_instances"": 40, ""std_relations"": 1}",,
ref_pygraft_high,pygraft,9,15.6438,,40454,,2585.944591467546,pygraft,,40454,5924,35,4412,47,6.828831870357866,9.169084315503174,0.34717522671219225,0.48921369188052716,0.3850825253411915,,,,,,,,,,,,,,,,,,,,,,,,,"{""avg_instances"": 160, ""avg_relations"": 5, ""classes"": 43, ""max_depth"": 4, ""p_asymmetric"": 0.0, ""p_disjoint"": 0.1, ""p_functional"": 0.05, ""p_inverse"": 0.25, ""p_inverse_functional"": 0.0, ""p_irreflexive"": 0.0, ""p_reflexive"": 0.0, ""p_subclass"": 0.25, ""p_subproperty"": 0.0, ""p_symmetric"": 0.15, ""p_transitive"": 0.15, ""relations"": 32, ""seed"": 42, ""std_instances"": 40, ""std_relations"": 1}",,
ref_pygraft_high,pygraft,10,19.1187,,40732,,2130.479582816823,pygraft,,40732,6202,32,4947,47,6.5675588519832315,8.233676975945016,0.3567423296476319,0.5008531873792659,0.3946504175234109,,,,,,,,,,,,,,,,,,,,,,,,,"{""avg_instances"": 160, ""avg_relations"": 5, ""classes"": 43, ""max_depth"": 4, ""p_asymmetric"": 0.0, ""p_disjoint"": 0.1, ""p_functional"": 0.05, ""p_inverse"": 0.25, ""p_inverse_functional"": 0.0, ""p_irreflexive"": 0.0, ""p_reflexive"": 0.0, ""p_subclass"": 0.25, ""p_subproperty"": 0.0, ""p_symmetric"": 0.15, ""p_transitive"": 0.15, ""relations"": 32, ""seed"": 42, ""std_instances"": 40, ""std_relations"": 1}",,
ref_pygraft_high,pygraft,11,17.4965,,40514,,2315.548824050524,pygraft,,40514,5984,32,4612,47,6.7703877005347595,8.784475281873373,0.3667808400132742,0.5029551376773601,0.4041963700399858,,,,,,,,,,,,,,,,,,,,,,,,,"{""avg_instances"": 160, ""avg_relations"": 5, ""classes"": 43, ""max_depth"": 4, ""p_asymmetric"": 0.0, ""p_disjoint"": 0.1, ""p_functional"": 0.05, ""p_inverse"": 0.25, ""p_inverse_functional"": 0.0, ""p_irreflexive"": 0.0, ""p_reflexive"": 0.0, ""p_subclass"": 0.25, ""p_subproperty"": 0.0, ""p_symmetric"": 0.15, ""p_transitive"": 0.15, ""relations"": 32, ""seed"": 42, ""std_instances"": 40, ""std_relations"": 1}",,
ref_pygraft_high,pygraft,12,17.0665,,40554,,2376.2341429115518,pygraft,,40554,6024,33,4734,47,6.73207171314741,8.566539923954373,0.3565885616240412,0.4910866202629545,0.38979089499543623,,,,,,,,,,,,,,,,,,,,,,,,,"{""avg_instances"": 160, ""avg_relations"": 5, ""classes"": 43, ""max_depth"": 4, ""p_asymmetric"": 0.0, ""p_disjoint"": 0.1, ""p_functional"": 0.05, ""p_inverse"": 0.25, ""p_inverse_functional"": 0.0, ""p_irreflexive"": 0.0, ""p_reflexive"": 0.0, ""p_subclass"": 0.25, ""p_subproperty"": 0.0, ""p_symmetric"": 0.15, ""p_transitive"": 0.15, ""relations"": 32, ""seed"": 42, ""std_instances"": 40, ""std_relations"": 1}",,
ref_pygraft_high,pygraft,13,15.7779,,40586,,2572.332186159121,pygraft,,40586,6054,32,4126,47,6.70399735711926,9.83664566165778,0.43211811263749167,0.56971647663023,0.4623553998839934,,,,,,,,,,,,,,,,,,,,,,,,,"{""avg_instances"": 160, ""avg_relations"": 5, ""classes"": 43, ""max_depth"": 4, ""p_asymmetric"": 0.0, ""p_disjoint"": 0.1, ""p_functional"": 0.05, ""p_inverse"": 0.25, ""p_inverse_functional"": 0.0, ""p_irreflexive"": 0.0, ""p_reflexive"": 0.0, ""p_subclass"": 0.25, ""p_subproperty"": 0.0, ""p_symmetric"": 0.15, ""p_transitive"": 0.15, ""relations"": 32, ""seed"": 42, ""std_instances"": 40, ""std_relations"": 1}",,
ref_pygraft_high,pygraft,14,18.5852,,40575,,2183.188773863074,pygraft,,40575,6045,32,4489,47,6.712158808933003,9.038761416796614,0.3742337588659486,0.5108450316542802,0.405762126668002,,,,,,,,,,,,,,,,,,,,,,,,,"{""avg_instances"": 160, ""avg_relations"": 5, ""classes"": 43, ""max_depth"": 4, ""p_asymmetric"": 0.0, ""p_disjoint"": 0.1, ""p_functional"": 0.05, ""p_inverse"": 0.25, ""p_inverse_functional"": 0.0, ""p_irreflexive"": 0.0, ""p_reflexive"": 0.0, ""p_subclass"": 0.25, ""p_subproperty"": 0.0, ""p_symmetric"": 0.15, ""p_transitive"": 0.15, ""relations"": 32, ""seed"": 42, ""std_instances"": 40, ""std_relations"": 1}",,
ref_pygraft_high,pygraft,15,15.7959,,40298,,2551.168341151818,pygraft,,40298,5766,33,4612,47,6.988900450919181,8.737640936686903,0.42228992385030806,0.571450006595436,0.4508168335021889,,,,,,,,,,,,,,,,,,,,,,,,,"{""avg_instances"": 160, ""avg_relations"": 5, ""classes"": 43, ""max_depth"": 4, ""p_asymmetric"": 0.0, ""p_disjoint"": 0.1, ""p_functional"": 0.05, ""p_inverse"": 0.25, ""p_inverse_functional"": 0.0, ""p_irreflexive"": 0.0, ""p_reflexive"": 0.0, ""p_subclass"": 0.25, ""p_subproperty"": 0.0, ""p_symmetric"": 0.15, ""p_transitive"": 0.15, ""relations"": 32, ""seed"": 42, ""std_instances"": 40, ""std_relations"": 1}",,
ref_pygraft_high,pygraft,16,17.6643,,40704,,2304.30869040947,pygraft,,40704,6174,32,4650,47,6.592808551992225,8.753548387096775,0.352707044951038,0.4957555596624161,0.3917755477054428,,,,,,,,,,,,,,,,,,,,,,,,,"{""avg_instances"": 160, ""avg_relations"": 5, ""classes"": 43, ""max_depth"": 4, ""p_asymmetric"": 0.0, ""p_disjoint"": 0.1, ""p_functional"": 0.05, ""p_inverse"": 0.25, ""p_inverse_functional"": 0.0, ""p_irreflexive"": 0.0, ""p_reflexive"": 0.0, ""p_subclass"": 0.25, ""p_subproperty"": 0.0, ""p_symmetric"": 0.15, ""p_transitive"": 0.15, ""relations"": 32, ""seed"": 42, ""std_instances"": 40, ""std_relations"": 1}",,
ref_pygraft_high,pygraft,17,17.8007,,40561,,2278.618256585415,pygraft,,40561,6031,32,4531,47,6.725418670203946,8.951887000662106,0.34780818613896336,0.48738678553692616,0.38437001980056623,,,,,,,,,,,,,,,,,,,,,,,,,"{""avg_instances"": 160, ""avg_relations"": 5, ""classes"": 43, ""max_depth"": 4, ""p_asymmetric"": 0.0, ""p_disjoint"": 0.1, ""p_functional"": 0.05, ""p_inverse"": 0.25, ""p_inverse_functional"": 0.0, ""p_irreflexive"": 0.0, ""p_reflexive"": 0.0, ""p_subclass"": 0.25, ""p_subproperty"": 0.0, ""p_symmetric"": 0.15, ""p_transitive"": 0.15, ""relations"": 32, ""seed"": 42, ""std_instances"": 40, ""std_relations"": 1}",,
ref_pygraft_high,pygraft,18,16.2913,,40211,,2468.249924806492,pygraft,,40211,5679,32,4239,47,7.080648001408699,9.485963670677046,0.4259779267279483,0.5692321857553007,0.45387185322195506,,,,,,,,,,,,,,,,,,,,,,,,,"{""avg_instances"": 160, ""avg_relations"": 5, ""classes"": 43, ""max_depth"": 4, ""p_asymmetric"": 0.0, ""p_disjoint"": 0.1, ""p_functional"": 0.05, ""p_inverse"": 0.25, ""p_inverse_functional"": 0.0, ""p_irreflexive"": 0.0, ""p_reflexive"": 0.0, ""p_subclass"": 0.25, ""p_subproperty"": 0.0, ""p_symmetric"": 0.15, ""p_transitive"": 0.15, ""relations"": 32, ""seed"": 42, ""std_instances"": 40, ""std_relations"": 1}",,
ref_pygraft_high,pygraft,19,17.1317,,40324,,2353.7652422118063,pygraft,,40324,5792,31,4373,47,6.962016574585635,9.22112965927281,0.43655228473457997,0.5759844716928482,0.4647482013702365,,,,,,,,,,,,,,,,,,,,,,,,,"{""avg_instances"": 160, ""avg_relations"": 5, ""classes"": 43, ""max_depth"": 4, ""p_asymmetric"": 0.0, ""p_disjoint"": 0.1, ""p_functional"": 0.05, ""p_inverse"": 0.25, ""p_inverse_functional"": 0.0, ""p_irreflexive"": 0.0, ""p_reflexive"": 0.0, ""p_subclass"": 0.25, ""p_subproperty"": 0.0, ""p_symmetric"": 0.15, ""p_transitive"": 0.15, ""relations"": 32, ""seed"": 42, ""std_instances"": 40, ""std_relations"": 1}",,
ref_pygraft_high,pygraft,20,16.7164,,40336,,2412.959728171137,pygraft,,40336,5806,32,4323,47,6.947295900792284,9.330557483229239,0.34979299517645396,0.49398784961027054,0.3821132303556601,,,,,,,,,,,,,,,,,,,,,,,,,"{""avg_instances"": 160, ""avg_relations"": 5, ""classes"": 43, ""max_depth"": 4, ""p_asymmetric"": 0.0, ""p_disjoint"": 0.1, ""p_functional"": 0.05, ""p_inverse"": 0.25, ""p_inverse_functional"": 0.0, ""p_irreflexive"": 0.0, ""p_reflexive"": 0.0, ""p_subclass"": 0.25, ""p_subproperty"": 0.0, ""p_symmetric"": 0.15, ""p_transitive"": 0.15, ""relations"": 32, ""seed"": 42, ""std_instances"": 40, ""std_relations"": 1}",,
ref_pygraft_high,pygraft,21,15.065,,40438,,2684.2349817457684,pygraft,,40438,5908,31,4479,47,6.844617467840217,9.028354543424872,0.36380946623944305,0.5035674053332047,0.3957480202016167,,,,,,,,,,,,,,,,,,,,,,,,,"{""avg_instances"": 160, ""avg_relations"": 5, ""classes"": 43, ""max_depth"": 4, ""p_asymmetric"": 0.0, ""p_disjoint"": 0.1, ""p_functional"": 0.05, ""p_inverse"": 0.25, ""p_inverse_functional"": 0.0, ""p_irreflexive"": 0.0, ""p_reflexive"": 0.0, ""p_subclass"": 0.25, ""p_subproperty"": 0.0, ""p_symmetric"": 0.15, ""p_transitive"": 0.15, ""relations"": 32, ""seed"": 42, ""std_instances"": 40, ""std_relations"": 1}",,
ref_pygraft_high,pygraft,22,18.8863,,40685,,2154.207017785379,pygraft,,40685,6154,31,4846,47,6.611147221319467,8.395583986793232,0.37074666318953065,0.5009426856401223,0.40144362876134904,,,,,,,,,,,,,,,,,,,,,,,,,"{""avg_instances"": 160, ""avg_relations"": 5, ""classes"": 43, ""max_depth"": 4, ""p_asymmetric"": 0.0, ""p_disjoint"": 0.1, ""p_functional"": 0.05, ""p_inverse"": 0.25, ""p_inverse_functional"": 0.0, ""p_irreflexive"": 0.0, ""p_reflexive"": 0.0, ""p_subclass"": 0.25, ""p_subproperty"": 0.0, ""p_symmetric"": 0.15, ""p_transitive"": 0.15, ""relations"": 32, ""seed"": 42, ""std_instances"": 40, ""std_relations"": 1}",,
ref_pygraft_high,pygraft,23,15.6308,,40684,,2602.8098369885097,pygraft,,40684,6154,37,4465,47,6.610984725381866,9.111758118701008,0.369812295082422,0.4967117054479156,0.4094411030634635,,,,,,,,,,,,,,,,,,,,,,,,,"{""avg_instances"": 160, ""avg_relations"": 5, ""classes"": 43, ""max_depth"": 4, ""p_asymmetric"": 0.0, ""p_disjoint"": 0.1, ""p_functional"": 0.05, ""p_inverse"": 0.25, ""p_inverse_functional"": 0.0, ""p_irreflexive"": 0.0, ""p_reflexive"": 0.0, ""p_subclass"": 0.25, ""p_subproperty"": 0.0, ""p_symmetric"": 0.15, ""p_transitive"": 0.15, ""relations"": 32, ""seed"": 42, ""std_instances"": 40, ""std_relations"": 1}",,
ref_pygraft_high,pygraft,24,16.4203,,40521,,2467.7381046631303,pygraft,,40521,5991,34,4448,47,6.763645468202303,9.109937050359711,0.3702429989571159,0.5041483165504161,0.40817016736593215,,,,,,,,,,,,,,,,,,,,,,,,,"{""avg_instances"": 160, ""avg_relations"": 5, ""classes"": 43, ""max_depth"": 4, ""p_asymmetric"": 0.0, ""p_disjoint"": 0.1, ""p_functional"": 0.05, ""p_inverse"": 0.25, ""p_inverse_functional"": 0.0, ""p_irreflexive"": 0.0, ""p_reflexive"": 0.0, ""p_subclass"": 0.25, ""p_subproperty"": 0.0, ""p_symmetric"": 0.15, ""p_transitive"": 0.15, ""relations"": 32, ""seed"": 42, ""std_instances"": 40, ""std_relations"": 1}",,
ref_pygraft_high,pygraft,25,16.7574,,40477,,2415.4701803382386,pygraft,,40477,5947,34,4719,47,6.806288885152178,8.577452850180123,0.3518506910404343,0.4864299303740297,0.3875300439342131,,,,,,,,,,,,,,,,,,,,,,,,,"{""avg_instances"": 160, ""avg_relations"": 5, ""classes"": 43, ""max_depth"": 4, ""p_asymmetric"": 0.0, ""p_disjoint"": 0.1, ""p_functional"": 0.05, ""p_inverse"": 0.25, ""p_inverse_functional"": 0.0, ""p_irreflexive"": 0.0, ""p_reflexive"": 0.0, ""p_subclass"": 0.25, ""p_subproperty"": 0.0, ""p_symmetric"": 0.15, ""p_transitive"": 0.15, ""relations"": 32, ""seed"": 42, ""std_instances"": 40, ""std_relations"": 1}",,
ref_pygraft_high,pygraft,26,16.3402,,40445,,2475.183902277818,pygraft,,40445,5915,34,4370,47,6.837700760777684,9.255148741418765,0.350269348808249,0.48397568816556147,0.38622002264879746,,,,,,,,,,,,,,,,,,,,,,,,,"{""avg_instances"": 160, ""avg_relations"": 5, ""classes"": 43, ""max_depth"": 4, ""p_asymmetric"": 0.0, ""p_disjoint"": 0.1, ""p_functional"": 0.05, ""p_inverse"": 0.25, ""p_inverse_functional"": 0.0, ""p_irreflexive"": 0.0, ""p_reflexive"": 0.0, ""p_subclass"": 0.25, ""p_subproperty"": 0.0, ""p_symmetric"": 0.15, ""p_transitive"": 0.15, ""relations"": 32, ""seed"": 42, ""std_instances"": 40, ""std_relations"": 1}",,
ref_pygraft_high,pygraft,27,2.6923,,6862,,2548.7501392861122,pygraft,,6862,3439,29,2054,47,1.9953474847339343,3.3407984420642647,0.19078913132690545,0.3528641842355961,0.2476687276322052,,,,,,,,,,,,,,,,,,,,,,,,,"{""avg_instances"": 160, ""avg_relations"": 5, ""classes"": 43, ""max_depth"": 4, ""p_asymmetric"": 0.0, ""p_disjoint"": 0.1, ""p_functional"": 0.05, ""p_inverse"": 0.25, ""p_inverse_functional"": 0.0, ""p_irreflexive"": 0.0, ""p_reflexive"": 0.0, ""p_subclass"": 0.25, ""p_subproperty"": 0.0, ""p_symmetric"": 0.15, ""p_transitive"": 0.15, ""relations"": 32, ""seed"": 42, ""std_instances"": 40, ""std_relations"": 1}",,
ref_pygraft_high,pygraft,28,14.3449,,40032,,2790.6782201339847,pygraft,,40032,5502,36,4160,47,7.275899672846238,9.623076923076923,0.33864138738175265,0.4826893559794504,0.3666670374658435,,,,,,,,,,,,,,,,,,,,,,,,,"{""avg_instances"": 160, ""avg_relations"": 5, ""classes"": 43, ""max_depth"": 4, ""p_asymmetric"": 0.0, ""p_disjoint"": 0.1, ""p_functional"": 0.05, ""p_inverse"": 0.25, ""p_inverse_functional"": 0.0, ""p_irreflexive"": 0.0, ""p_reflexive"": 0.0, ""p_subclass"": 0.25, ""p_subproperty"": 0.0, ""p_symmetric"": 0.15, ""p_transitive"": 0.15, ""relations"": 32, ""seed"": 42, ""std_instances"": 40, ""std_relations"": 1}",,
ref_pygraft_high,pygraft,29,16.3906,,40058,,2443.961782973168,pygraft,,40058,5526,31,4213,47,7.249004705030764,9.50818893899834,0.45990935426682295,0.6085922447013487,0.47918131229012423,,,,,,,,,,,,,,,,,,,,,,,,,"{""avg_instances"": 160, ""avg_relations"": 5, ""classes"": 43, ""max_depth"": 4, ""p_asymmetric"": 0.0, ""p_disjoint"": 0.1, ""p_functional"": 0.05, ""p_inverse"": 0.25, ""p_inverse_functional"": 0.0, ""p_irreflexive"": 0.0, ""p_reflexive"": 0.0, ""p_subclass"": 0.25, ""p_subproperty"": 0.0, ""p_symmetric"": 0.15, ""p_transitive"": 0.15, ""relations"": 32, ""seed"": 42, ""std_instances"": 40, ""std_relations"": 1}",,
ref_pygraft_high,pygraft,30,16.7918,,40430,,2407.7228170892936,pygraft,,40430,5900,34,4634,47,6.852542372881356,8.724643936124298,0.3673165196378015,0.4960159670185052,0.3987467804577229,,,,,,,,,,,,,,,,,,,,,,,,,"{""avg_instances"": 160, ""avg_relations"": 5, ""classes"": 43, ""max_depth"": 4, ""p_asymmetric"": 0.0, ""p_disjoint"": 0.1, ""p_functional"": 0.05, ""p_inverse"": 0.25, ""p_inverse_functional"": 0.0, ""p_irreflexive"": 0.0, ""p_reflexive"": 0.0, ""p_subclass"": 0.25, ""p_subproperty"": 0.0, ""p_symmetric"": 0.15, ""p_transitive"": 0.15, ""relations"": 32, ""seed"": 42, ""std_instances"": 40, ""std_relations"": 1}",,
ref_pygraft_low,pygraft,1,5.9549,,18598,,3123.1422861844867,pygraft,,18598,4708,31,3385,47,3.9502973661852168,5.49423929098966,0.2771175944939596,0.4326914148448697,0.3073274474124086,,,,,,,,,,,,,,,,,,,,,,,,,"{""avg_instances"": 160, ""avg_relations"": 2, ""classes"": 43, ""max_depth"": 4, ""p_asymmetric"": 0.0, ""p_disjoint"": 0.1, ""p_functional"": 0.05, ""p_inverse"": 0.25, ""p_inverse_functional"": 0.0, ""p_irreflexive"": 0.0, ""p_reflexive"": 0.0, ""p_subclass"": 0.25, ""p_subproperty"": 0.0, ""p_symmetric"": 0.15, ""p_transitive"": 0.15, ""relations"": 32, ""seed"": 42, ""std_instances"": 40, ""std_relations"": 1}",,
ref_pygraft_low,pygraft,2,5.1494,,18946,,3679.2636035266246,pygraft,,18946,5054,36,3665,47,3.748713889988128,5.16944065484311,0.3350943337683592,0.5073624275934704,0.3800545473343756,,,,,,,,,,,,,,,,,,,,,,,,,"{""avg_instances"": 160, ""avg_relations"": 2, ""classes"": 43, ""max_depth"": 4, ""p_asymmetric"": 0.0, ""p_disjoint"": 0.1, ""p_functional"": 0.05, ""p_inverse"": 0.25, ""p_inverse_functional"": 0.0, ""p_irreflexive"": 0.0, ""p_reflexive"": 0.0, ""p_subclass"": 0.25, ""p_subproperty"": 0.0, ""p_symmetric"": 0.15, ""p_transitive"": 0.15, ""relations"": 32, ""seed"": 42, ""std_instances"": 40, ""std_relations"": 1}",,
ref_pygraft_low,pygraft,3,5.6249,,18813,,3344.59279276076,pygraft,,18813,4923,38,3679,47,3.821450335161487,5.113617830932318,0.26945049158213685,0.4248095913816571,0.30887193297159327,,,,,,,,,,,,,,,,,,,,,,,,,"{""avg_instances"": 160, ""avg_relations"": 2, ""classes"": 43, ""max_depth"": 4, ""p_asymmetric"": 0.0, ""p_disjoint"": 0.1, ""p_functional"": 0.05, ""p_inverse"": 0.25, ""p_inverse_functional"": 0.0, ""p_irreflexive"": 0.0, ""p_reflexive"": 0.0, ""p_subclass"": 0.25, ""p_subproperty"": 0.0, ""p_symmetric"": 0.15, ""p_transitive"": 0.15, ""relations"": 32, ""seed"": 42, ""std_instances"": 40, ""std_relations"": 1}",,
ref_pygraft_low,pygraft,4,6.2363,,18468,,2961.371325946475,pygraft,,18468,4578,31,3447,47,4.034076015727392,5.357702349869451,0.27179421650248015,0.4331099244405698,0.3046904442831943,,,,,,,,,,,,,,,,,,,,,,,,,"{""avg_instances"": 160, ""avg_relations"": 2, ""classes"": 43, ""max_depth"": 4, ""p_asymmetric"": 0.0, ""p_disjoint"": 0.1, ""p_functional"": 0.05, ""p_inverse"": 0.25, ""p_inverse_functional"": 0.0, ""p_irreflexive"": 0.0, ""p_reflexive"": 0.0, ""p_subclass"": 0.25, ""p_subproperty"": 0.0, ""p_symmetric"": 0.15, ""p_transitive"": 0.15, ""relations"": 32, ""seed"": 42, ""std_instances"": 40, ""std_relations"": 1}",,
ref_pygraft_low,pygraft,5,5.985,,18645,,3115.2882205513783,pygraft,,18645,4755,36,2968,47,3.921135646687697,6.282008086253369,0.28929270570053495,0.4242722230550143,0.32614263328228205,,,,,,,,,,,,,,,,,,,,,,,,,"{""avg_instances"": 160, ""avg_relations"": 2, ""classes"": 43, ""max_depth"": 4, ""p_asymmetric"": 0.0, ""p_disjoint"": 0.1, ""p_functional"": 0.05, ""p_inverse"": 0.25, ""p_inverse_functional"": 0.0, ""p_irreflexive"": 0.0, ""p_reflexive"": 0.0, ""p_subclass"": 0.25, ""p_subproperty"": 0.0, ""p_symmetric"": 0.15, ""p_transitive"": 0.15, ""relations"": 32, ""seed"": 42, ""std_instances"": 40, ""std_relations"": 1}",,
ref_pygraft_low,pygraft,6,6.0342,,18423,,3053.097345132743,pygraft,,18423,4533,33,3357,47,4.064195896757115,5.487935656836461,0.28043267632896773,0.4287510176130031,0.31006220889501446,,,,,,,,,,,,,,,,,,,,,,,,,"{""avg_instances"": 160, ""avg_relations"": 2, ""classes"": 43, ""max_depth"": 4, ""p_asymmetric"": 0.0, ""p_disjoint"": 0.1, ""p_functional"": 0.05, ""p_inverse"": 0.25, ""p_inverse_functional"": 0.0, ""p_irreflexive"": 0.0, ""p_reflexive"": 0.0, ""p_subclass"": 0.25, ""p_subproperty"": 0.0, ""p_symmetric"": 0.15, ""p_transitive"": 0.15, ""relations"": 32, ""seed"": 42, ""std_instances"": 40, ""std_relations"": 1}",,
ref_pygraft_low,pygraft,7,6.1362,,18903,,3080.5710374498876,pygraft,,18903,5013,36,3387,47,3.7707959305804906,5.581045172719221,0.2921212029378238,0.4346894760293126,0.3308083339110096,,,,,,,,,,,,,,,,,,,,,,,,,"{""avg_instances"": 160, ""avg_relations"": 2, ""classes"": 43, ""max_depth"": 4, ""p_asymmetric"": 0.0, ""p_disjoint"": 0.1, ""p_functional"": 0.05, ""p_inverse"": 0.25, ""p_inverse_functional"": 0.0, ""p_irreflexive"": 0.0, ""p_reflexive"": 0.0, ""p_subclass"": 0.25, ""p_subproperty"": 0.0, ""p_symmetric"": 0.15, ""p_transitive"": 0.15, ""relations"": 32, ""seed"": 42, ""std_instances"": 40, ""std_relations"": 1}",,
ref_pygraft_low,pygraft,8,6.3621,,18717,,2941.953128683925,pygraft,,18717,4827,34,3433,47,3.877563704164077,5.452082726478299,0.2854888741363027,0.42783208797267097,0.31865492298959464,,,,,,,,,,,,,,,,,,,,,,,,,"{""avg_instances"": 160, ""avg_relations"": 2, ""classes"": 43, ""max_depth"": 4, ""p_asymmetric"": 0.0, ""p_disjoint"": 0.1, ""p_functional"": 0.05, ""p_inverse"": 0.25, ""p_inverse_functional"": 0.0, ""p_irreflexive"": 0.0, ""p_reflexive"": 0.0, ""p_subclass"": 0.25, ""p_subproperty"": 0.0, ""p_symmetric"": 0.15, ""p_transitive"": 0.15, ""relations"": 32, ""seed"": 42, ""std_instances"": 40, ""std_relations"": 1}",,
ref_pygraft_low,pygraft,9,6.7917,,19147,,2819.176347600748,pygraft,,19147,5257,30,4007,47,3.642191363895758,4.778387821312703,0.2613889883930338,0.4127057961973475,0.2998052482530199,,,,,,,,,,,,,,,,,,,,,,,,,"{""avg_instances"": 160, ""avg_relations"": 2, ""classes"": 43, ""max_depth"": 4, ""p_asymmetric"": 0.0, ""p_disjoint"": 0.1, ""p_functional"": 0.05, ""p_inverse"": 0.25, ""p_inverse_functional"": 0.0, ""p_irreflexive"": 0.0, ""p_reflexive"": 0.0, ""p_subclass"": 0.25, ""p_subproperty"": 0.0, ""p_symmetric"": 0.15, ""p_transitive"": 0.15, ""relations"": 32, ""seed"": 42, ""std_instances"": 40, ""std_relations"": 1}",,
ref_pygraft_low,pygraft,10,6.6383,,19120,,2880.2554870976,pygraft,,19120,5230,32,3272,47,3.655831739961759,5.843520782396088,0.26259565677769137,0.40120251726644846,0.2945909877550525,,,,,,,,,,,,,,,,,,,,,,,,,"{""avg_instances"": 160, ""avg_relations"": 2, ""classes"": 43, ""max_depth"": 4, ""p_asymmetric"": 0.0, ""p_disjoint"": 0.1, ""p_functional"": 0.05, ""p_inverse"": 0.25, ""p_inverse_functional"": 0.0, ""p_irreflexive"": 0.0, ""p_reflexive"": 0.0, ""p_subclass"": 0.25, ""p_subproperty"": 0.0, ""p_symmetric"": 0.15, ""p_transitive"": 0.15, ""relations"": 32, ""seed"": 42, ""std_instances"": 40, ""std_relations"": 1}",,
ref_pygraft_low,pygraft,11,6.4746,,18766,,2898.4029901461095,pygraft,,18766,4876,32,3334,47,3.8486464315012303,5.62867426514697,0.28499788346477195,0.4388929497300353,0.3187279819899816,,,,,,,,,,,,,,,,,,,,,,,,,"{""avg_instances"": 160, ""avg_relations"": 2, ""classes"": 43, ""max_depth"": 4, ""p_asymmetric"": 0.0, ""p_disjoint"": 0.1, ""p_functional"": 0.05, ""p_inverse"": 0.25, ""p_inverse_functional"": 0.0, ""p_irreflexive"": 0.0, ""p_reflexive"": 0.0, ""p_subclass"": 0.25, ""p_subproperty"": 0.0, ""p_symmetric"": 0.15, ""p_transitive"": 0.15, ""relations"": 32, ""seed"": 42, ""std_instances"": 40, ""std_relations"": 1}",,
ref_pygraft_low,pygraft,12,7.1117,,19165,,2694.8549573238465,pygraft,,19165,5275,31,3794,47,3.633175355450237,5.051396942540854,0.26868987765719055,0.4086744454956377,0.3099782671820883,,,,,,,,,,,,,,,,,,,,,,,,,"{""avg_instances"": 160, ""avg_relations"": 2, ""classes"": 43, ""max_depth"": 4, ""p_asymmetric"": 0.0, ""p_disjoint"": 0.1, ""p_functional"": 0.05, ""p_inverse"": 0.25, ""p_inverse_functional"": 0.0, ""p_irreflexive"": 0.0, ""p_reflexive"": 0.0, ""p_subclass"": 0.25, ""p_subproperty"": 0.0, ""p_symmetric"": 0.15, ""p_transitive"": 0.15, ""relations"": 32, ""seed"": 42, ""std_instances"": 40, ""std_relations"": 1}",,
ref_pygraft_low,pygraft,13,6.1859,,18936,,3061.1552078113127,pygraft,,18936,5046,33,3417,47,3.7526753864447087,5.541703248463564,0.28241152400596675,0.4307776710367691,0.31663910195796824,,,,,,,,,,,,,,,,,,,,,,,,,"{""avg_instances"": 160, ""avg_relations"": 2, ""classes"": 43, ""max_depth"": 4, ""p_asymmetric"": 0.0, ""p_disjoint"": 0.1, ""p_functional"": 0.05, ""p_inverse"": 0.25, ""p_inverse_functional"": 0.0, ""p_irreflexive"": 0.0, ""p_reflexive"": 0.0, ""p_subclass"": 0.25, ""p_subproperty"": 0.0, ""p_symmetric"": 0.15, ""p_transitive"": 0.15, ""relations"": 32, ""seed"": 42, ""std_instances"": 40, ""std_relations"": 1}",,
ref_pygraft_low,pygraft,14,5.5279,,18699,,3382.6588758841513,pygraft,,18699,4807,33,3113,47,3.889952153110048,6.006745904272406,0.35398837165903135,0.5158691440038753,0.3821759860053836,,,,,,,,,,,,,,,,,,,,,,,,,"{""avg_instances"": 160, ""avg_relations"": 2, ""classes"": 43, ""max_depth"": 4, ""p_asymmetric"": 0.0, ""p_disjoint"": 0.1, ""p_functional"": 0.05, ""p_inverse"": 0.25, ""p_inverse_functional"": 0.0, ""p_irreflexive"": 0.0, ""p_reflexive"": 0.0, ""p_subclass"": 0.25, ""p_subproperty"": 0.0, ""p_symmetric"": 0.15, ""p_transitive"": 0.15, ""relations"": 32, ""seed"": 42, ""std_instances"": 40, ""std_relations"": 1}",,
ref_pygraft_low,pygraft,15,5.2797,,18621,,3526.904937780556,pygraft,,18621,4729,33,3524,47,3.9376189469232394,5.2840522133938705,0.32817187794909114,0.48671509962921655,0.35781606689122747,,,,,,,,,,,,,,,,,,,,,,,,,"{""avg_instances"": 160, ""avg_relations"": 2, ""classes"": 43, ""max_depth"": 4, ""p_asymmetric"": 0.0, ""p_disjoint"": 0.1, ""p_functional"": 0.05, ""p_inverse"": 0.25, ""p_inverse_functional"": 0.0, ""p_irreflexive"": 0.0, ""p_reflexive"": 0.0, ""p_subclass"": 0.25, ""p_subproperty"": 0.0, ""p_symmetric"": 0.15, ""p_transitive"": 0.15, ""relations"": 32, ""seed"": 42, ""std_instances"": 40, ""std_relations"": 1}",,
ref_pygraft_low,pygraft,16,6.86,,19078,,2781.0495626822158,pygraft,,19078,5188,30,3776,47,3.677332305319969,5.052436440677966,0.2743308646851184,0.4258015903552648,0.3055751773885728,,,,,,,,,,,,,,,,,,,,,,,,,"{""avg_instances"": 160, ""avg_relations"": 2, ""classes"": 43, ""max_depth"": 4, ""p_asymmetric"": 0.0, ""p_disjoint"": 0.1, ""p_functional"": 0.05, ""p_inverse"": 0.25, ""p_inverse_functional"": 0.0, ""p_irreflexive"": 0.0, ""p_reflexive"": 0.0, ""p_subclass"": 0.25, ""p_subproperty"": 0.0, ""p_symmetric"": 0.15, ""p_transitive"": 0.15, ""relations"": 32, ""seed"": 42, ""std_instances"": 40, ""std_relations"": 1}",,
ref_pygraft_low,pygraft,17,6.1313,,18923,,3086.294912987458,pygraft,,18923,5033,34,3708,47,3.7597854162527318,5.103290183387271,0.26662209117542646,0.41959056872798683,0.30460130839002414,,,,,,,,,,,,,,,,,,,,,,,,,"{""avg_instances"": 160, ""avg_relations"": 2, ""classes"": 43, ""max_depth"": 4, ""p_asymmetric"": 0.0, ""p_disjoint"": 0.1, ""p_functional"": 0.05, ""p_inverse"": 0.25, ""p_inverse_functional"": 0.0, ""p_irreflexive"": 0.0, ""p_reflexive"": 0.0, ""p_subclass"": 0.25, ""p_subproperty"": 0.0, ""p_symmetric"": 0.15, ""p_transitive"": 0.15, ""relations"": 32, ""seed"": 42, ""std_instances"": 40, ""std_relations"": 1}",,
ref_pygraft_low,pygraft,18,5.8367,,18596,,3186.0469100690457,pygraft,,18596,4706,36,3127,47,3.9515512112197193,5.946913975055964,0.2938082195185445,0.44117728233504316,0.3327398726451384,,,,,,,,,,,,,,,,,,,,,,,,,"{""avg_instances"": 160, ""avg_relations"": 2, ""classes"": 43, ""max_depth"": 4, ""p_asymmetric"": 0.0, ""p_disjoint"": 0.1, ""p_functional"": 0.05, ""p_inverse"": 0.25, ""p_inverse_functional"": 0.0, ""p_irreflexive"": 0.0, ""p_reflexive"": 0.0, ""p_subclass"": 0.25, ""p_subproperty"": 0.0, ""p_symmetric"": 0.15, ""p_transitive"": 0.15, ""relations"": 32, ""seed"": 42, ""std_instances"": 40, ""std_relations"": 1}",,
ref_pygraft_low,pygraft,19,5.4161,,18598,,3433.836155167002,pygraft,,18598,4706,32,3301,47,3.9519762005949852,5.634050287791578,0.32355919301719144,0.4927859566218345,0.3567579975011992,,,,,,,,,,,,,,,,,,,,,,,,,"{""avg_instances"": 160, ""avg_relations"": 2, ""classes"": 43, ""max_depth"": 4, ""p_asymmetric"": 0.0, ""p_disjoint"": 0.1, ""p_functional"": 0.05, ""p_inverse"": 0.25, ""p_inverse_functional"": 0.0, ""p_irreflexive"": 0.0, ""p_reflexive"": 0.0, ""p_subclass"": 0.25, ""p_subproperty"": 0.0, ""p_symmetric"": 0.15, ""p_transitive"": 0.15, ""relations"": 32, ""seed"": 42, ""std_instances"": 40, ""std_relations"": 1}",,
ref_pygraft_low,pygraft,20,5.9997,,18918,,3153.1576578828945,pygraft,,18918,5028,34,3566,47,3.7625298329355608,5.305103757711722,0.280871087457937,0.4321494735250194,0.3146825254782754,,,,,,,,,,,,,,,,,,,,,,,,,"{""avg_instances"": 160, ""avg_relations"": 2, ""classes"": 43, ""max_depth"": 4, ""p_asymmetric"": 0.0, ""p_disjoint"": 0.1, ""p_functional"": 0.05, ""p_inverse"": 0.25, ""p_inverse_functional"": 0.0, ""p_irreflexive"": 0.0, ""p_reflexive"": 0.0, ""p_subclass"": 0.25, ""p_subproperty"": 0.0, ""p_symmetric"": 0.15, ""p_transitive"": 0.15, ""relations"": 32, ""seed"": 42, ""std_instances"": 40, ""std_relations"": 1}",,
ref_pygraft_low,pygraft,21,6.1383,,18708,,3047.7493768633008,pygraft,,18708,4818,35,3197,47,3.8829389788293898,5.851736002502346,0.27270390751644996,0.41814662484712206,0.308128450493077,,,,,,,,,,,,,,,,,,,,,,,,,"{""avg_instances"": 160, ""avg_relations"": 2, ""classes"": 43, ""max_depth"": 4, ""p_asymmetric"": 0.0, ""p_disjoint"": 0.1, ""p_functional"": 0.05, ""p_inverse"": 0.25, ""p_inverse_functional"": 0.0, ""p_irreflexive"": 0.0, ""p_reflexive"": 0.0, ""p_subclass"": 0.25, ""p_subproperty"": 0.0, ""p_symmetric"": 0.15, ""p_transitive"": 0.15, ""relations"": 32, ""seed"": 42, ""std_instances"": 40, ""std_relations"": 1}",,
ref_pygraft_low,pygraft,22,5.8278,,18966,,3254.4013178214764,pygraft,,18966,5076,35,3719,47,3.7364066193853427,5.099757999462221,0.2600137277976391,0.39330195244961264,0.30432476141592096,,,,,,,,,,,,,,,,,,,,,,,,,"{""avg_instances"": 160, ""avg_relations"": 2, ""classes"": 43, ""max_depth"": 4, ""p_asymmetric"": 0.0, ""p_disjoint"": 0.1, ""p_functional"": 0.05, ""p_inverse"": 0.25, ""p_inverse_functional"": 0.0, ""p_irreflexive"": 0.0, ""p_reflexive"": 0.0, ""p_subclass"": 0.25, ""p_subproperty"": 0.0, ""p_symmetric"": 0.15, ""p_transitive"": 0.15, ""relations"": 32, ""seed"": 42, ""std_instances"": 40, ""std_relations"": 1}",,
ref_pygraft_low,pygraft,23,5.9652,,18813,,3153.7919935626633,pygraft,,18813,4923,33,3748,47,3.821450335161487,5.019477054429029,0.25822197948209075,0.4072623150212852,0.29136744289664845,,,,,,,,,,,,,,,,,,,,,,,,,"{""avg_instances"": 160, ""avg_relations"": 2, ""classes"": 43, ""max_depth"": 4, ""p_asymmetric"": 0.0, ""p_disjoint"": 0.1, ""p_functional"": 0.05, ""p_inverse"": 0.25, ""p_inverse_functional"": 0.0, ""p_irreflexive"": 0.0, ""p_reflexive"": 0.0, ""p_subclass"": 0.25, ""p_subproperty"": 0.0, ""p_symmetric"": 0.15, ""p_transitive"": 0.15, ""relations"": 32, ""seed"": 42, ""std_instances"": 40, ""std_relations"": 1}",,
ref_pygraft_low,pygraft,24,6.4874,,19089,,2942.4731017048434,pygraft,,19089,5199,32,3839,47,3.671667628390075,4.972388642875749,0.2629936467123683,0.4099098172576767,0.3032008358796107,,,,,,,,,,,,,,,,,,,,,,,,,"{""avg_instances"": 160, ""avg_relations"": 2, ""classes"": 43, ""max_depth"": 4, ""p_asymmetric"": 0.0, ""p_disjoint"": 0.1, ""p_functional"": 0.05, ""p_inverse"": 0.25, ""p_inverse_functional"": 0.0, ""p_irreflexive"": 0.0, ""p_reflexive"": 0.0, ""p_subclass"": 0.25, ""p_subproperty"": 0.0, ""p_symmetric"": 0.15, ""p_transitive"": 0.15, ""relations"": 32, ""seed"": 42, ""std_instances"": 40, ""std_relations"": 1}",,
ref_pygraft_low,pygraft,25,5.6721,,18555,,3271.275189083408,pygraft,,18555,4665,36,3130,47,3.977491961414791,5.9281150159744405,0.2783544214555684,0.4240907393260335,0.3131750713918029,,,,,,,,,,,,,,,,,,,,,,,,,"{""avg_instances"": 160, ""avg_relations"": 2, ""classes"": 43, ""max_depth"": 4, ""p_asymmetric"": 0.0, ""p_disjoint"": 0.1, ""p_functional"": 0.05, ""p_inverse"": 0.25, ""p_inverse_functional"": 0.0, ""p_irreflexive"": 0.0, ""p_reflexive"": 0.0, ""p_subclass"": 0.25, ""p_subproperty"": 0.0, ""p_symmetric"": 0.15, ""p_transitive"": 0.15, ""relations"": 32, ""seed"": 42, ""std_instances"": 40, ""std_relations"": 1}",,
ref_pygraft_low,pygraft,26,5.3645,,18323,,3415.6025724671454,pygraft,,18323,4431,33,3041,47,4.135183931392462,6.025320618217692,0.3409584076652738,0.49269630392125324,0.36548779156404415,,,,,,,,,,,,,,,,,,,,,,,,,"{""avg_instances"": 160, ""avg_relations"": 2, ""classes"": 43, ""max_depth"": 4, ""p_asymmetric"": 0.0, ""p_disjoint"": 0.1, ""p_functional"": 0.05, ""p_inverse"": 0.25, ""p_inverse_functional"": 0.0, ""p_irreflexive"": 0.0, ""p_reflexive"": 0.0, ""p_subclass"": 0.25, ""p_subproperty"": 0.0, ""p_symmetric"": 0.15, ""p_transitive"": 0.15, ""relations"": 32, ""seed"": 42, ""std_instances"": 40, ""std_relations"": 1}",,
ref_pygraft_low,pygraft,27,5.8703,,18773,,3197.9626254194845,pygraft,,18773,4883,35,3431,47,3.8445627687896784,5.471582628971145,0.2715233300269564,0.41072677521175377,0.30714516802657,,,,,,,,,,,,,,,,,,,,,,,,,"{""avg_instances"": 160, ""avg_relations"": 2, ""classes"": 43, ""max_depth"": 4, ""p_asymmetric"": 0.0, ""p_disjoint"": 0.1, ""p_functional"": 0.05, ""p_inverse"": 0.25, ""p_inverse_functional"": 0.0, ""p_irreflexive"": 0.0, ""p_reflexive"": 0.0, ""p_subclass"": 0.25, ""p_subproperty"": 0.0, ""p_symmetric"": 0.15, ""p_transitive"": 0.15, ""relations"": 32, ""seed"": 42, ""std_instances"": 40, ""std_relations"": 1}",,
ref_pygraft_low,pygraft,28,6.1224,,18910,,3088.658042597674,pygraft,,18910,5020,35,3654,47,3.766932270916335,5.175150519978106,0.2609596366475842,0.40608139044520747,0.29743764667367295,,,,,,,,,,,,,,,,,,,,,,,,,"{""avg_instances"": 160, ""avg_relations"": 2, ""classes"": 43, ""max_depth"": 4, ""p_asymmetric"": 0.0, ""p_disjoint"": 0.1, ""p_functional"": 0.05, ""p_inverse"": 0.25, ""p_inverse_functional"": 0.0, ""p_irreflexive"": 0.0, ""p_reflexive"": 0.0, ""p_subclass"": 0.25, ""p_subproperty"": 0.0, ""p_symmetric"": 0.15, ""p_transitive"": 0.15, ""relations"": 32, ""seed"": 42, ""std_instances"": 40, ""std_relations"": 1}",,
ref_pygraft_low,pygraft,29,6.8612,,18978,,2765.988456829709,pygraft,,18978,5088,30,3456,47,3.729952830188679,5.491319444444445,0.27735918902281725,0.4230160286947263,0.3091858018455891,,,,,,,,,,,,,,,,,,,,,,,,,"{""avg_instances"": 160, ""avg_relations"": 2, ""classes"": 43, ""max_depth"": 4, ""p_asymmetric"": 0.0, ""p_disjoint"": 0.1, ""p_functional"": 0.05, ""p_inverse"": 0.25, ""p_inverse_functional"": 0.0, ""p_irreflexive"": 0.0, ""p_reflexive"": 0.0, ""p_subclass"": 0.25, ""p_subproperty"": 0.0, ""p_symmetric"": 0.15, ""p_transitive"": 0.15, ""relations"": 32, ""seed"": 42, ""std_instances"": 40, ""std_relations"": 1}",,
ref_pygraft_low,pygraft,30,6.4375,,19124,,2970.7184466019417,pygraft,,19124,5234,33,4163,47,3.65380206343141,4.593802546240692,0.26213926767251317,0.4201134630053394,0.30259544997223464,,,,,,,,,,,,,,,,,,,,,,,,,"{""avg_instances"": 160, ""avg_relations"": 2, ""classes"": 43, ""max_depth"": 4, ""p_asymmetric"": 0.0, ""p_disjoint"": 0.1, ""p_functional"": 0.05, ""p_inverse"": 0.25, ""p_inverse_functional"": 0.0, ""p_irreflexive"": 0.0, ""p_reflexive"": 0.0, ""p_subclass"": 0.25, ""p_subproperty"": 0.0, ""p_symmetric"": 0.15, ""p_transitive"": 0.15, ""relations"": 32, ""seed"": 42, ""std_instances"": 40, ""std_relations"": 1}",,
ref_lemming,lemming,1,6.4875,,106569,,16426.820809248555,LEMMING / SimplexKG,,106569,12997,18,27730,14,8.199507578672002,3.84309412188965,0.60031910558985,0.7233605755305577,0.7001157361726644,,,,,,,,,,,,,,,,,,,,,,,,,"{""mode"": ""Binary"", ""optimization_iterations"": 0, ""seed_graph"": ""lubm/lubm-seed.nt"", ""simplex_class_sampling"": ""UC"", ""simplex_property_sampling"": ""UP"", ""threads"": 2, ""vertices"": 13000}",data-driven: mimics lubm-seed.nt at 13000 vertices | mode Binary (LEMMING),
ref_lemming,lemming,2,6.4826,,106489,,16426.896615555488,LEMMING / SimplexKG,,106489,12996,18,27768,14,8.193982763927362,3.8349539037741285,0.5997134839838344,0.7245431418343384,0.6962332159672963,,,,,,,,,,,,,,,,,,,,,,,,,"{""mode"": ""Binary"", ""optimization_iterations"": 0, ""seed_graph"": ""lubm/lubm-seed.nt"", ""simplex_class_sampling"": ""UC"", ""simplex_property_sampling"": ""UP"", ""threads"": 2, ""vertices"": 13000}",data-driven: mimics lubm-seed.nt at 13000 vertices | mode Binary (LEMMING),
ref_lemming,lemming,3,6.5916,,106217,,16113.99356757085,LEMMING / SimplexKG,,106217,12997,18,27743,13,8.17242440563207,3.828605413978301,0.5943613246905531,0.7205257157246078,0.682595074037004,,,,,,,,,,,,,,,,,,,,,,,,,"{""mode"": ""Binary"", ""optimization_iterations"": 0, ""seed_graph"": ""lubm/lubm-seed.nt"", ""simplex_class_sampling"": ""UC"", ""simplex_property_sampling"": ""UP"", ""threads"": 2, ""vertices"": 13000}",data-driven: mimics lubm-seed.nt at 13000 vertices | mode Binary (LEMMING),
ref_lemming,lemming,4,7.8235,,106092,,13560.682558956989,LEMMING / SimplexKG,,106092,12995,18,27675,13,8.164063101192767,3.8334959349593496,0.5994284270565315,0.7255415586081227,0.6968258227989506,,,,,,,,,,,,,,,,,,,,,,,,,"{""mode"": ""Binary"", ""optimization_iterations"": 0, ""seed_graph"": ""lubm/lubm-seed.nt"", ""simplex_class_sampling"": ""UC"", ""simplex_property_sampling"": ""UP"", ""threads"": 2, ""vertices"": 13000}",data-driven: mimics lubm-seed.nt at 13000 vertices | mode Binary (LEMMING),
ref_lemming,lemming,5,17.8424,,106539,,5971.113751513249,LEMMING / SimplexKG,,106539,12997,18,27725,14,8.197199353697007,3.8427051397655547,0.6104190682297399,0.733380903328606,0.700149684981766,,,,,,,,,,,,,,,,,,,,,,,,,"{""mode"": ""Binary"", ""optimization_iterations"": 0, ""seed_graph"": ""lubm/lubm-seed.nt"", ""simplex_class_sampling"": ""UC"", ""simplex_property_sampling"": ""UP"", ""threads"": 2, ""vertices"": 13000}",data-driven: mimics lubm-seed.nt at 13000 vertices | mode Binary (LEMMING),
ref_lemming,lemming,6,5.6719,,106961,,18858.054620144925,LEMMING / SimplexKG,,106961,12998,18,27853,14,8.229035236190184,3.840196747208559,0.6034938260030133,0.7245462855272358,0.6883724490752768,,,,,,,,,,,,,,,,,,,,,,,,,"{""mode"": ""Binary"", ""optimization_iterations"": 0, ""seed_graph"": ""lubm/lubm-seed.nt"", ""simplex_class_sampling"": ""UC"", ""simplex_property_sampling"": ""UP"", ""threads"": 2, ""vertices"": 13000}",data-driven: mimics lubm-seed.nt at 13000 vertices | mode Binary (LEMMING),
ref_lemming,lemming,7,6.0827,,106021,,17429.92421128775,LEMMING / SimplexKG,,106021,12995,18,27656,13,8.158599461331281,3.833562337286665,0.5879002625164123,0.7187763858560319,0.6857740042464873,,,,,,,,,,,,,,,,,,,,,,,,,"{""mode"": ""Binary"", ""optimization_iterations"": 0, ""seed_graph"": ""lubm/lubm-seed.nt"", ""simplex_class_sampling"": ""UC"", ""simplex_property_sampling"": ""UP"", ""threads"": 2, ""vertices"": 13000}",data-driven: mimics lubm-seed.nt at 13000 vertices | mode Binary (LEMMING),
ref_lemming,lemming,8,14.7725,,106327,,7197.630732780504,LEMMING / SimplexKG,,106327,12999,18,27847,13,8.179629202246327,3.8182569037957412,0.596449718241688,0.7219699994682686,0.6869059848986423,,,,,,,,,,,,,,,,,,,,,,,,,"{""mode"": ""Binary"", ""optimization_iterations"": 0, ""seed_graph"": ""lubm/lubm-seed.nt"", ""simplex_class_sampling"": ""UC"", ""simplex_property_sampling"": ""UP"", ""threads"": 2, ""vertices"": 13000}",data-driven: mimics lubm-seed.nt at 13000 vertices | mode Binary (LEMMING),
ref_lemming,lemming,9,6.0566,,106533,,17589.57170689826,LEMMING / SimplexKG,,106533,12997,18,27767,14,8.196737708702008,3.8366766305326467,0.5967078193798314,0.7212938912938913,0.6846224255780441,,,,,,,,,,,,,,,,,,,,,,,,,"{""mode"": ""Binary"", ""optimization_iterations"": 0, ""seed_graph"": ""lubm/lubm-seed.nt"", ""simplex_class_sampling"": ""UC"", ""simplex_property_sampling"": ""UP"", ""threads"": 2, ""vertices"": 13000}",data-driven: mimics lubm-seed.nt at 13000 vertices | mode Binary (LEMMING),
ref_lemming,lemming,10,24.3366,,107005,,4396.875487948193,LEMMING / SimplexKG,,107005,12996,18,27852,14,8.23368728839643,3.841914404710613,0.6176336300340944,0.7371967744823004,0.6938732025180588,,,,,,,,,,,,,,,,,,,,,,,,,"{""mode"": ""Binary"", ""optimization_iterations"": 0, ""seed_graph"": ""lubm/lubm-seed.nt"", ""simplex_class_sampling"": ""UC"", ""simplex_property_sampling"": ""UP"", ""threads"": 2, ""vertices"": 13000}",data-driven: mimics lubm-seed.nt at 13000 vertices | mode Binary (LEMMING),
ref_lemming,lemming,11,7.5822,,106390,,14031.547571944817,LEMMING / SimplexKG,,106390,12998,18,27880,13,8.185105400830897,3.815997130559541,0.5894514946481101,0.7159194987707067,0.6730180185408468,,,,,,,,,,,,,,,,,,,,,,,,,"{""mode"": ""Binary"", ""optimization_iterations"": 0, ""seed_graph"": ""lubm/lubm-seed.nt"", ""simplex_class_sampling"": ""UC"", ""simplex_property_sampling"": ""UP"", ""threads"": 2, ""vertices"": 13000}",data-driven: mimics lubm-seed.nt at 13000 vertices | mode Binary (LEMMING),
ref_lemming,lemming,12,20.864,,106864,,5121.932515337423,LEMMING / SimplexKG,,106864,12998,18,28089,14,8.22157254962302,3.8044786215244404,0.6123377773627886,0.732443330434301,0.7018611601227323,,,,,,,,,,,,,,,,,,,,,,,,,"{""mode"": ""Binary"", ""optimization_iterations"": 0, ""seed_graph"": ""lubm/lubm-seed.nt"", ""simplex_class_sampling"": ""UC"", ""simplex_property_sampling"": ""UP"", ""threads"": 2, ""vertices"": 13000}",data-driven: mimics lubm-seed.nt at 13000 vertices | mode Binary (LEMMING),
ref_lemming,lemming,13,14.7288,,106381,,7222.65221878225,LEMMING / SimplexKG,,106381,12997,18,27885,13,8.185042702162038,3.814990138067061,0.5981194131152714,0.7221030916114397,0.6942023694322347,,,,,,,,,,,,,,,,,,,,,,,,,"{""mode"": ""Binary"", ""optimization_iterations"": 0, ""seed_graph"": ""lubm/lubm-seed.nt"", ""simplex_class_sampling"": ""UC"", ""simplex_property_sampling"": ""UP"", ""threads"": 2, ""vertices"": 13000}",data-driven: mimics lubm-seed.nt at 13000 vertices | mode Binary (LEMMING),
ref_lemming,lemming,14,9.6336,,106187,,11022.566849360572,LEMMING / SimplexKG,,106187,12997,18,27767,13,8.170116180657075,3.8242157957287426,0.5954749169240118,0.7232061655697881,0.6800117790421193,,,,,,,,,,,,,,,,,,,,,,,,,"{""mode"": ""Binary"", ""optimization_iterations"": 0, ""seed_graph"": ""lubm/lubm-seed.nt"", ""simplex_class_sampling"": ""UC"", ""simplex_property_sampling"": ""UP"", ""threads"": 2, ""vertices"": 13000}",data-driven: mimics lubm-seed.nt at 13000 vertices | mode Binary (LEMMING),
ref_lemming,lemming,15,14.2109,,106401,,7487.28089002104,LEMMING / SimplexKG,,106401,12999,18,27982,13,8.18532194784214,3.8024801658208847,0.5931361579063493,0.7186692904671211,0.6811126734768291,,,,,,,,,,,,,,,,,,,,,,,,,"{""mode"": ""Binary"", ""optimization_iterations"": 0, ""seed_graph"": ""lubm/lubm-seed.nt"", ""simplex_class_sampling"": ""UC"", ""simplex_property_sampling"": ""UP"", ""threads"": 2, ""vertices"": 13000}",data-driven: mimics lubm-seed.nt at 13000 vertices | mode Binary (LEMMING),
ref_lemming,lemming,16,6.4829,,106744,,16465.47069984112,LEMMING / SimplexKG,,106744,12996,18,27946,14,8.213604185903355,3.8196521863594075,0.6009918900423548,0.7231056513400617,0.6924483761614184,,,,,,,,,,,,,,,,,,,,,,,,,"{""mode"": ""Binary"", ""optimization_iterations"": 0, ""seed_graph"": ""lubm/lubm-seed.nt"", ""simplex_class_sampling"": ""UC"", ""simplex_property_sampling"": ""UP"", ""threads"": 2, ""vertices"": 13000}",data-driven: mimics lubm-seed.nt at 13000 vertices | mode Binary (LEMMING),
ref_lemming,lemming,17,7.3927,,106254,,14372.8272485019,LEMMING / SimplexKG,,106254,13000,17,27800,13,8.173384615384615,3.8220863309352517,0.5998283770011708,0.725140182040182,0.6191721019362304,,,,,,,,,,,,,,,,,,,,,,,,,"{""mode"": ""Binary"", ""optimization_iterations"": 0, ""seed_graph"": ""lubm/lubm-seed.nt"", ""simplex_class_sampling"": ""UC"", ""simplex_property_sampling"": ""UP"", ""threads"": 2, ""vertices"": 13000}",data-driven: mimics lubm-seed.nt at 13000 vertices | mode Binary (LEMMING),
ref_lemming,lemming,18,15.2762,,106074,,6943.742553776463,LEMMING / SimplexKG,,106074,12998,18,27626,13,8.160793968302816,3.8396438137985953,0.5934100000538655,0.7213585750899183,0.6900904344944411,,,,,,,,,,,,,,,,,,,,,,,,,"{""mode"": ""Binary"", ""optimization_iterations"": 0, ""seed_graph"": ""lubm/lubm-seed.nt"", ""simplex_class_sampling"": ""UC"", ""simplex_property_sampling"": ""UP"", ""threads"": 2, ""vertices"": 13000}",data-driven: mimics lubm-seed.nt at 13000 vertices | mode Binary (LEMMING),
ref_lemming,lemming,19,16.7737,,106629,,6356.915886178958,LEMMING / SimplexKG,,106629,12997,18,27770,14,8.20412402862199,3.839719121353979,0.6078907920179267,0.730423319080242,0.667474186310075,,,,,,,,,,,,,,,,,,,,,,,,,"{""mode"": ""Binary"", ""optimization_iterations"": 0, ""seed_graph"": ""lubm/lubm-seed.nt"", ""simplex_class_sampling"": ""UC"", ""simplex_property_sampling"": ""UP"", ""threads"": 2, ""vertices"": 13000}",data-driven: mimics lubm-seed.nt at 13000 vertices | mode Binary (LEMMING),
ref_lemming,lemming,20,6.5442,,107015,,16352.648146450292,LEMMING / SimplexKG,,107015,12996,18,28040,14,8.2344567559249,3.81651212553495,0.6048075801709966,0.7244978951108489,0.6913428684466959,,,,,,,,,,,,,,,,,,,,,,,,,"{""mode"": ""Binary"", ""optimization_iterations"": 0, ""seed_graph"": ""lubm/lubm-seed.nt"", ""simplex_class_sampling"": ""UC"", ""simplex_property_sampling"": ""UP"", ""threads"": 2, ""vertices"": 13000}",data-driven: mimics lubm-seed.nt at 13000 vertices | mode Binary (LEMMING),
ref_lemming,lemming,21,5.7389,,106814,,18612.277614176932,LEMMING / SimplexKG,,106814,12995,18,27969,14,8.219622931896883,3.8190139082555685,0.6016531469215788,0.7236740264584353,0.6704173433496449,,,,,,,,,,,,,,,,,,,,,,,,,"{""mode"": ""Binary"", ""optimization_iterations"": 0, ""seed_graph"": ""lubm/lubm-seed.nt"", ""simplex_class_sampling"": ""UC"", ""simplex_property_sampling"": ""UP"", ""threads"": 2, ""vertices"": 13000}",data-driven: mimics lubm-seed.nt at 13000 vertices | mode Binary (LEMMING),
ref_lemming,lemming,22,6.1236,,106609,,17409.530341629106,LEMMING / SimplexKG,,106609,12993,18,27869,14,8.205110444085276,3.825361512791991,0.6022367080313025,0.7251559376032267,0.6979382385854335,,,,,,,,,,,,,,,,,,,,,,,,,"{""mode"": ""Binary"", ""optimization_iterations"": 0, ""seed_graph"": ""lubm/lubm-seed.nt"", ""simplex_class_sampling"": ""UC"", ""simplex_property_sampling"": ""UP"", ""threads"": 2, ""vertices"": 13000}",data-driven: mimics lubm-seed.nt at 13000 vertices | mode Binary (LEMMING),
ref_lemming,lemming,23,22.644,,106095,,4685.3471118177,LEMMING / SimplexKG,,106095,12994,18,27761,13,8.164922271817762,3.82172832390764,0.6089628429243156,0.7355492633851877,0.6870193296015941,,,,,,,,,,,,,,,,,,,,,,,,,"{""mode"": ""Binary"", ""optimization_iterations"": 0, ""seed_graph"": ""lubm/lubm-seed.nt"", ""simplex_class_sampling"": ""UC"", ""simplex_property_sampling"": ""UP"", ""threads"": 2, ""vertices"": 13000}",data-driven: mimics lubm-seed.nt at 13000 vertices | mode Binary (LEMMING),
ref_lemming,lemming,24,6.3955,,106717,,16686.263779219764,LEMMING / SimplexKG,,106717,12996,18,27878,14,8.211526623576486,3.828000573929263,0.5997752452545151,0.722991083557805,0.6916516849463237,,,,,,,,,,,,,,,,,,,,,,,,,"{""mode"": ""Binary"", ""optimization_iterations"": 0, ""seed_graph"": ""lubm/lubm-seed.nt"", ""simplex_class_sampling"": ""UC"", ""simplex_property_sampling"": ""UP"", ""threads"": 2, ""vertices"": 13000}",data-driven: mimics lubm-seed.nt at 13000 vertices | mode Binary (LEMMING),
ref_lemming,lemming,25,7.9042,,106291,,13447.407707294855,LEMMING / SimplexKG,,106291,12996,18,27844,13,8.17874730686365,3.817375377100991,0.5973858475611862,0.7222765735000268,0.6861943967255496,,,,,,,,,,,,,,,,,,,,,,,,,"{""mode"": ""Binary"", ""optimization_iterations"": 0, ""seed_graph"": ""lubm/lubm-seed.nt"", ""simplex_class_sampling"": ""UC"", ""simplex_property_sampling"": ""UP"", ""threads"": 2, ""vertices"": 13000}",data-driven: mimics lubm-seed.nt at 13000 vertices | mode Binary (LEMMING),
ref_lemming,lemming,26,14.5212,,106157,,7310.483982040052,LEMMING / SimplexKG,,106157,12998,18,27724,13,8.167179566087091,3.8290650699754725,0.589176823001584,0.718546376432205,0.685343086551399,,,,,,,,,,,,,,,,,,,,,,,,,"{""mode"": ""Binary"", ""optimization_iterations"": 0, ""seed_graph"": ""lubm/lubm-seed.nt"", ""simplex_class_sampling"": ""UC"", ""simplex_property_sampling"": ""UP"", ""threads"": 2, ""vertices"": 13000}",data-driven: mimics lubm-seed.nt at 13000 vertices | mode Binary (LEMMING),
ref_lemming,lemming,27,6.0536,,106592,,17608.03488833091,LEMMING / SimplexKG,,106592,12995,18,27772,14,8.202539438245479,3.838110326948005,0.6007461291942763,0.7243298662893459,0.6838263243781609,,,,,,,,,,,,,,,,,,,,,,,,,"{""mode"": ""Binary"", ""optimization_iterations"": 0, ""seed_graph"": ""lubm/lubm-seed.nt"", ""simplex_class_sampling"": ""UC"", ""simplex_property_sampling"": ""UP"", ""threads"": 2, ""vertices"": 13000}",data-driven: mimics lubm-seed.nt at 13000 vertices | mode Binary (LEMMING),
ref_lemming,lemming,28,15.9227,,106477,,6687.1196467935715,LEMMING / SimplexKG,,106477,12997,18,28102,13,8.192429022082019,3.7889474058785853,0.5961550464644788,0.7212194822181743,0.6848579612889145,,,,,,,,,,,,,,,,,,,,,,,,,"{""mode"": ""Binary"", ""optimization_iterations"": 0, ""seed_graph"": ""lubm/lubm-seed.nt"", ""simplex_class_sampling"": ""UC"", ""simplex_property_sampling"": ""UP"", ""threads"": 2, ""vertices"": 13000}",data-driven: mimics lubm-seed.nt at 13000 vertices | mode Binary (LEMMING),
ref_lemming,lemming,29,7.278,,106425,,14622.835943940643,LEMMING / SimplexKG,,106425,12999,18,27942,13,8.187168243711055,3.8087824779901225,0.5940358176382492,0.7205988206218994,0.669218750339258,,,,,,,,,,,,,,,,,,,,,,,,,"{""mode"": ""Binary"", ""optimization_iterations"": 0, ""seed_graph"": ""lubm/lubm-seed.nt"", ""simplex_class_sampling"": ""UC"", ""simplex_property_sampling"": ""UP"", ""threads"": 2, ""vertices"": 13000}",data-driven: mimics lubm-seed.nt at 13000 vertices | mode Binary (LEMMING),
ref_lemming,lemming,30,6.9908,,106164,,15186.244778852206,LEMMING / SimplexKG,,106164,12993,18,27758,13,8.1708612329716,3.824627134519778,0.597231658137617,0.7231671199576994,0.6856234385470164,,,,,,,,,,,,,,,,,,,,,,,,,"{""mode"": ""Binary"", ""optimization_iterations"": 0, ""seed_graph"": ""lubm/lubm-seed.nt"", ""simplex_class_sampling"": ""UC"", ""simplex_property_sampling"": ""UP"", ""threads"": 2, ""vertices"": 13000}",data-driven: mimics lubm-seed.nt at 13000 vertices | mode Binary (LEMMING),
ref_simplexkg,lemming,1,15.1644,,9872,,650.9983909683206,LEMMING / SimplexKG,,9872,2000,13,4141,13,4.936,2.3839652257908717,0.40503193753103217,0.6638977863193111,0.4272022238605772,,,,,,,,,,,,,,,,,,,,,,,,,"{""mode"": ""Simplex"", ""optimization_iterations"": 0, ""seed_graph"": ""lubm/lubm-seed.nt"", ""simplex_class_sampling"": ""UC"", ""simplex_property_sampling"": ""UP"", ""threads"": 2, ""vertices"": 2000}",data-driven: mimics lubm-seed.nt at 2000 vertices | mode Simplex (SimplexKG),
ref_simplexkg,lemming,2,15.1759,,9944,,655.2494415487714,LEMMING / SimplexKG,,9944,2000,13,4203,12,4.972,2.3659290982631456,0.4017008214833675,0.6613017857142857,0.4048144362720206,,,,,,,,,,,,,,,,,,,,,,,,,"{""mode"": ""Simplex"", ""optimization_iterations"": 0, ""seed_graph"": ""lubm/lubm-seed.nt"", ""simplex_class_sampling"": ""UC"", ""simplex_property_sampling"": ""UP"", ""threads"": 2, ""vertices"": 2000}",data-driven: mimics lubm-seed.nt at 2000 vertices | mode Simplex (SimplexKG),
ref_simplexkg,lemming,3,15.0947,,9930,,657.8467939077955,LEMMING / SimplexKG,,9930,2000,13,4134,13,4.965,2.402031930333817,0.40853252286002906,0.6649757769112608,0.44867493399421154,,,,,,,,,,,,,,,,,,,,,,,,,"{""mode"": ""Simplex"", ""optimization_iterations"": 0, ""seed_graph"": ""lubm/lubm-seed.nt"", ""simplex_class_sampling"": ""UC"", ""simplex_property_sampling"": ""UP"", ""threads"": 2, ""vertices"": 2000}",data-driven: mimics lubm-seed.nt at 2000 vertices | mode Simplex (SimplexKG),
ref_simplexkg,lemming,4,14.7659,,10723,,726.200231614734,LEMMING / SimplexKG,,10723,2000,16,4296,12,5.3615,2.4960428305400373,0.3783092528428099,0.5499535714285715,0.4498493942444779,,,,,,,,,,,,,,,,,,,,,,,,,"{""mode"": ""Simplex"", ""optimization_iterations"": 0, ""seed_graph"": ""lubm/lubm-seed.nt"", ""simplex_class_sampling"": ""UC"", ""simplex_property_sampling"": ""UP"", ""threads"": 2, ""vertices"": 2000}",data-driven: mimics lubm-seed.nt at 2000 vertices | mode Simplex (SimplexKG),
ref_simplexkg,lemming,5,15.0976,,9924,,657.3230182280628,LEMMING / SimplexKG,,9924,2000,13,4148,12,4.962,2.3924783027965284,0.4024662110063638,0.6603660714285714,0.40901136643139485,,,,,,,,,,,,,,,,,,,,,,,,,"{""mode"": ""Simplex"", ""optimization_iterations"": 0, ""seed_graph"": ""lubm/lubm-seed.nt"", ""simplex_class_sampling"": ""UC"", ""simplex_property_sampling"": ""UP"", ""threads"": 2, ""vertices"": 2000}",data-driven: mimics lubm-seed.nt at 2000 vertices | mode Simplex (SimplexKG),
ref_simplexkg,lemming,6,15.4606,,9871,,638.4616379700659,LEMMING / SimplexKG,,9871,2000,13,4099,13,4.9355,2.4081483288606975,0.4054738169849862,0.6671762511926447,0.43424201029161147,,,,,,,,,,,,,,,,,,,,,,,,,"{""mode"": ""Simplex"", ""optimization_iterations"": 0, ""seed_graph"": ""lubm/lubm-seed.nt"", ""simplex_class_sampling"": ""UC"", ""simplex_property_sampling"": ""UP"", ""threads"": 2, ""vertices"": 2000}",data-driven: mimics lubm-seed.nt at 2000 vertices | mode Simplex (SimplexKG),
ref_simplexkg,lemming,7,14.9696,,9964,,665.6156477126978,LEMMING / SimplexKG,,9964,2000,13,4207,12,4.982,2.368433563109104,0.4030094792676923,0.6589878968253967,0.4188495470596932,,,,,,,,,,,,,,,,,,,,,,,,,"{""mode"": ""Simplex"", ""optimization_iterations"": 0, ""seed_graph"": ""lubm/lubm-seed.nt"", ""simplex_class_sampling"": ""UC"", ""simplex_property_sampling"": ""UP"", ""threads"": 2, ""vertices"": 2000}",data-driven: mimics lubm-seed.nt at 2000 vertices | mode Simplex (SimplexKG),
ref_simplexkg,lemming,8,15.6363,,9986,,638.6421340086849,LEMMING / SimplexKG,,9986,2000,13,4165,13,4.993,2.397599039615846,0.40885445863132724,0.66622642621405,0.43576038313082,,,,,,,,,,,,,,,,,,,,,,,,,"{""mode"": ""Simplex"", ""optimization_iterations"": 0, ""seed_graph"": ""lubm/lubm-seed.nt"", ""simplex_class_sampling"": ""UC"", ""simplex_property_sampling"": ""UP"", ""threads"": 2, ""vertices"": 2000}",data-driven: mimics lubm-seed.nt at 2000 vertices | mode Simplex (SimplexKG),
ref_simplexkg,lemming,9,15.0295,,9963,,662.8963039355933,LEMMING / SimplexKG,,9963,2000,13,4152,13,4.9815,2.3995664739884393,0.40733410047969354,0.6604729889963955,0.4400786298386784,,,,,,,,,,,,,,,,,,,,,,,,,"{""mode"": ""Simplex"", ""optimization_iterations"": 0, ""seed_graph"": ""lubm/lubm-seed.nt"", ""simplex_class_sampling"": ""UC"", ""simplex_property_sampling"": ""UP"", ""threads"": 2, ""vertices"": 2000}",data-driven: mimics lubm-seed.nt at 2000 vertices | mode Simplex (SimplexKG),
ref_simplexkg,lemming,10,15.0462,,9920,,659.3026810756204,LEMMING / SimplexKG,,9920,2000,13,4167,12,4.96,2.380609551235901,0.3987411885700668,0.6631607142857142,0.41358025634402634,,,,,,,,,,,,,,,,,,,,,,,,,"{""mode"": ""Simplex"", ""optimization_iterations"": 0, ""seed_graph"": ""lubm/lubm-seed.nt"", ""simplex_class_sampling"": ""UC"", ""simplex_property_sampling"": ""UP"", ""threads"": 2, ""vertices"": 2000}",data-driven: mimics lubm-seed.nt at 2000 vertices | mode Simplex (SimplexKG),
ref_simplexkg,lemming,11,14.9684,,10612,,708.9602095080302,LEMMING / SimplexKG,,10612,2000,16,4254,12,5.306,2.4945933239304185,0.3777159427877073,0.5733143106893105,0.45810403947404127,,,,,,,,,,,,,,,,,,,,,,,,,"{""mode"": ""Simplex"", ""optimization_iterations"": 0, ""seed_graph"": ""lubm/lubm-seed.nt"", ""simplex_class_sampling"": ""UC"", ""simplex_property_sampling"": ""UP"", ""threads"": 2, ""vertices"": 2000}",data-driven: mimics lubm-seed.nt at 2000 vertices | mode Simplex (SimplexKG),
ref_simplexkg,lemming,12,14.8387,,9970,,671.891742538093,LEMMING / SimplexKG,,9970,2000,13,4149,13,4.985,2.4029886719691493,0.4032478928656221,0.6628261176138768,0.42994555527483086,,,,,,,,,,,,,,,,,,,,,,,,,"{""mode"": ""Simplex"", ""optimization_iterations"": 0, ""seed_graph"": ""lubm/lubm-seed.nt"", ""simplex_class_sampling"": ""UC"", ""simplex_property_sampling"": ""UP"", ""threads"": 2, ""vertices"": 2000}",data-driven: mimics lubm-seed.nt at 2000 vertices | mode Simplex (SimplexKG),
ref_simplexkg,lemming,13,14.7238,,10538,,715.7119765277985,LEMMING / SimplexKG,,10538,2000,16,4181,13,5.269,2.520449653193016,0.3794924771166669,0.567066938705385,0.459773707720952,,,,,,,,,,,,,,,,,,,,,,,,,"{""mode"": ""Simplex"", ""optimization_iterations"": 0, ""seed_graph"": ""lubm/lubm-seed.nt"", ""simplex_class_sampling"": ""UC"", ""simplex_property_sampling"": ""UP"", ""threads"": 2, ""vertices"": 2000}",data-driven: mimics lubm-seed.nt at 2000 vertices | mode Simplex (SimplexKG),
ref_simplexkg,lemming,14,15.1043,,10648,,704.9648113451136,LEMMING / SimplexKG,,10648,2000,16,4233,12,5.324,2.515473659343255,0.37163069743725585,0.5679607142857143,0.44151933438991237,,,,,,,,,,,,,,,,,,,,,,,,,"{""mode"": ""Simplex"", ""optimization_iterations"": 0, ""seed_graph"": ""lubm/lubm-seed.nt"", ""simplex_class_sampling"": ""UC"", ""simplex_property_sampling"": ""UP"", ""threads"": 2, ""vertices"": 2000}",data-driven: mimics lubm-seed.nt at 2000 vertices | mode Simplex (SimplexKG),
ref_simplexkg,lemming,15,15.3149,,9899,,646.363998459017,LEMMING / SimplexKG,,9899,2000,13,4149,13,4.9495,2.38587611472644,0.4111225082678886,0.670925425282995,0.4393556533670581,,,,,,,,,,,,,,,,,,,,,,,,,"{""mode"": ""Simplex"", ""optimization_iterations"": 0, ""seed_graph"": ""lubm/lubm-seed.nt"", ""simplex_class_sampling"": ""UC"", ""simplex_property_sampling"": ""UP"", ""threads"": 2, ""vertices"": 2000}",data-driven: mimics lubm-seed.nt at 2000 vertices | mode Simplex (SimplexKG),
ref_simplexkg,lemming,16,14.8306,,9907,,668.0107345623238,LEMMING / SimplexKG,,9907,2000,13,4110,13,4.9535,2.410462287104623,0.3976480805308145,0.6617462677175264,0.4344508149234538,,,,,,,,,,,,,,,,,,,,,,,,,"{""mode"": ""Simplex"", ""optimization_iterations"": 0, ""seed_graph"": ""lubm/lubm-seed.nt"", ""simplex_class_sampling"": ""UC"", ""simplex_property_sampling"": ""UP"", ""threads"": 2, ""vertices"": 2000}",data-driven: mimics lubm-seed.nt at 2000 vertices | mode Simplex (SimplexKG),
ref_simplexkg,lemming,17,14.9884,,9979,,665.7815377225054,LEMMING / SimplexKG,,9979,2000,13,4160,13,4.9895,2.398798076923077,0.40242608625889303,0.6580430647312796,0.41600021251430125,,,,,,,,,,,,,,,,,,,,,,,,,"{""mode"": ""Simplex"", ""optimization_iterations"": 0, ""seed_graph"": ""lubm/lubm-seed.nt"", ""simplex_class_sampling"": ""UC"", ""simplex_property_sampling"": ""UP"", ""threads"": 2, ""vertices"": 2000}",data-driven: mimics lubm-seed.nt at 2000 vertices | mode Simplex (SimplexKG),
ref_simplexkg,lemming,18,14.8525,,10611,,714.4251809459687,LEMMING / SimplexKG,,10611,2000,16,4166,13,5.3055,2.5470475276044167,0.3683988452403243,0.5435616919312571,0.4541857662777406,,,,,,,,,,,,,,,,,,,,,,,,,"{""mode"": ""Simplex"", ""optimization_iterations"": 0, ""seed_graph"": ""lubm/lubm-seed.nt"", ""simplex_class_sampling"": ""UC"", ""simplex_property_sampling"": ""UP"", ""threads"": 2, ""vertices"": 2000}",data-driven: mimics lubm-seed.nt at 2000 vertices | mode Simplex (SimplexKG),
ref_simplexkg,lemming,19,15.0129,,10627,,707.8579088650428,LEMMING / SimplexKG,,10627,2000,16,4224,12,5.3135,2.515861742424242,0.37066687418714916,0.5602536713286712,0.4484335552680461,,,,,,,,,,,,,,,,,,,,,,,,,"{""mode"": ""Simplex"", ""optimization_iterations"": 0, ""seed_graph"": ""lubm/lubm-seed.nt"", ""simplex_class_sampling"": ""UC"", ""simplex_property_sampling"": ""UP"", ""threads"": 2, ""vertices"": 2000}",data-driven: mimics lubm-seed.nt at 2000 vertices | mode Simplex (SimplexKG),
ref_simplexkg,lemming,20,15.2378,,9921,,651.078239640893,LEMMING / SimplexKG,,9921,2000,13,4096,13,4.9605,2.422119140625,0.4064586989709165,0.6600742257687389,0.43547829497259116,,,,,,,,,,,,,,,,,,,,,,,,,"{""mode"": ""Simplex"", ""optimization_iterations"": 0, ""seed_graph"": ""lubm/lubm-seed.nt"", ""simplex_class_sampling"": ""UC"", ""simplex_property_sampling"": ""UP"", ""threads"": 2, ""vertices"": 2000}",data-driven: mimics lubm-seed.nt at 2000 vertices | mode Simplex (SimplexKG),
ref_simplexkg,lemming,21,14.8936,,9927,,666.5279046033196,LEMMING / SimplexKG,,9927,2000,13,4152,12,4.9635,2.3908959537572256,0.408704085960884,0.6661507936507937,0.42439541953339416,,,,,,,,,,,,,,,,,,,,,,,,,"{""mode"": ""Simplex"", ""optimization_iterations"": 0, ""seed_graph"": ""lubm/lubm-seed.nt"", ""simplex_class_sampling"": ""UC"", ""simplex_property_sampling"": ""UP"", ""threads"": 2, ""vertices"": 2000}",data-driven: mimics lubm-seed.nt at 2000 vertices | mode Simplex (SimplexKG),
ref_simplexkg,lemming,22,14.7124,,7891,,536.3502895516707,LEMMING / SimplexKG,,7891,2000,14,2437,13,3.9455,3.237997537956504,0.5714280668943131,0.8203663113861671,0.5492512777346075,,,,,,,,,,,,,,,,,,,,,,,,,"{""mode"": ""Simplex"", ""optimization_iterations"": 0, ""seed_graph"": ""lubm/lubm-seed.nt"", ""simplex_class_sampling"": ""UC"", ""simplex_property_sampling"": ""UP"", ""threads"": 2, ""vertices"": 2000}",data-driven: mimics lubm-seed.nt at 2000 vertices | mode Simplex (SimplexKG),
ref_simplexkg,lemming,23,14.9359,,9907,,663.3011736822019,LEMMING / SimplexKG,,9907,2000,13,4094,13,4.9535,2.419882755251588,0.4032403957749477,0.6589771244128703,0.4233545439367716,,,,,,,,,,,,,,,,,,,,,,,,,"{""mode"": ""Simplex"", ""optimization_iterations"": 0, ""seed_graph"": ""lubm/lubm-seed.nt"", ""simplex_class_sampling"": ""UC"", ""simplex_property_sampling"": ""UP"", ""threads"": 2, ""vertices"": 2000}",data-driven: mimics lubm-seed.nt at 2000 vertices | mode Simplex (SimplexKG),
ref_simplexkg,lemming,24,15.2317,,10585,,694.9322793910069,LEMMING / SimplexKG,,10585,2000,16,4149,12,5.2925,2.551217160761629,0.3733175349446308,0.5627998917748918,0.44279109079701273,,,,,,,,,,,,,,,,,,,,,,,,,"{""mode"": ""Simplex"", ""optimization_iterations"": 0, ""seed_graph"": ""lubm/lubm-seed.nt"", ""simplex_class_sampling"": ""UC"", ""simplex_property_sampling"": ""UP"", ""threads"": 2, ""vertices"": 2000}",data-driven: mimics lubm-seed.nt at 2000 vertices | mode Simplex (SimplexKG),
ref_simplexkg,lemming,25,15.0837,,7924,,525.3352957165682,LEMMING / SimplexKG,,7924,2000,14,2443,13,3.962,3.2435530085959887,0.5637549676191375,0.8206327691719257,0.5470843250217348,,,,,,,,,,,,,,,,,,,,,,,,,"{""mode"": ""Simplex"", ""optimization_iterations"": 0, ""seed_graph"": ""lubm/lubm-seed.nt"", ""simplex_class_sampling"": ""UC"", ""simplex_property_sampling"": ""UP"", ""threads"": 2, ""vertices"": 2000}",data-driven: mimics lubm-seed.nt at 2000 vertices | mode Simplex (SimplexKG),
ref_simplexkg,lemming,26,14.8412,,9904,,667.3314826294369,LEMMING / SimplexKG,,9904,2000,13,4084,13,4.952,2.4250734573947113,0.4051653063600976,0.6662503639697491,0.4275698180371062,,,,,,,,,,,,,,,,,,,,,,,,,"{""mode"": ""Simplex"", ""optimization_iterations"": 0, ""seed_graph"": ""lubm/lubm-seed.nt"", ""simplex_class_sampling"": ""UC"", ""simplex_property_sampling"": ""UP"", ""threads"": 2, ""vertices"": 2000}",data-driven: mimics lubm-seed.nt at 2000 vertices | mode Simplex (SimplexKG),
ref_simplexkg,lemming,27,14.996,,9968,,664.7105894905308,LEMMING / SimplexKG,,9968,2000,13,4153,12,4.984,2.4001926318324105,0.4051629688895082,0.662415873015873,0.42196248948772414,,,,,,,,,,,,,,,,,,,,,,,,,"{""mode"": ""Simplex"", ""optimization_iterations"": 0, ""seed_graph"": ""lubm/lubm-seed.nt"", ""simplex_class_sampling"": ""UC"", ""simplex_property_sampling"": ""UP"", ""threads"": 2, ""vertices"": 2000}",data-driven: mimics lubm-seed.nt at 2000 vertices | mode Simplex (SimplexKG),
ref_simplexkg,lemming,28,15.0309,,9918,,659.8407281001138,LEMMING / SimplexKG,,9918,2000,13,4151,13,4.959,2.3893037822211514,0.3996888437154949,0.6634782505742227,0.4209780058447596,,,,,,,,,,,,,,,,,,,,,,,,,"{""mode"": ""Simplex"", ""optimization_iterations"": 0, ""seed_graph"": ""lubm/lubm-seed.nt"", ""simplex_class_sampling"": ""UC"", ""simplex_property_sampling"": ""UP"", ""threads"": 2, ""vertices"": 2000}",data-driven: mimics lubm-seed.nt at 2000 vertices | mode Simplex (SimplexKG),
ref_simplexkg,lemming,29,15.015,,9901,,659.4072594072594,LEMMING / SimplexKG,,9901,2000,13,4144,13,4.9505,2.389237451737452,0.4062036152756405,0.6571629945510542,0.4138493356352618,,,,,,,,,,,,,,,,,,,,,,,,,"{""mode"": ""Simplex"", ""optimization_iterations"": 0, ""seed_graph"": ""lubm/lubm-seed.nt"", ""simplex_class_sampling"": ""UC"", ""simplex_property_sampling"": ""UP"", ""threads"": 2, ""vertices"": 2000}",data-driven: mimics lubm-seed.nt at 2000 vertices | mode Simplex (SimplexKG),
ref_simplexkg,lemming,30,14.7428,,9881,,670.2254659901782,LEMMING / SimplexKG,,9881,2000,13,4147,12,4.9405,2.3826862792380035,0.4030229656225588,0.6596158730158729,0.4132687396024523,,,,,,,,,,,,,,,,,,,,,,,,,"{""mode"": ""Simplex"", ""optimization_iterations"": 0, ""seed_graph"": ""lubm/lubm-seed.nt"", ""simplex_class_sampling"": ""UC"", ""simplex_property_sampling"": ""UP"", ""threads"": 2, ""vertices"": 2000}",data-driven: mimics lubm-seed.nt at 2000 vertices | mode Simplex (SimplexKG),
